DATA;CONTA; VALOR ;MINISTÉRIO;TRANSAÇÃO;MOVIMENTO;VERSAO
2026/01/25;AP.MPAGO;1496.21;FINANCEIRO;ENTRADAS;EXTRAORDINÁRIO;PLANEJADO
2026/02/25;AP.MPAGO;1496.21;FINANCEIRO;ENTRADAS;EXTRAORDINÁRIO;PLANEJADO
2026/03/25;AP.MPAGO;1496.21;FINANCEIRO;ENTRADAS;EXTRAORDINÁRIO;PLANEJADO
2026/04/25;AP.MPAGO;1496.21;FINANCEIRO;ENTRADAS;EXTRAORDINÁRIO;PLANEJADO
2026/05/25;AP.MPAGO;1496.21;FINANCEIRO;ENTRADAS;EXTRAORDINÁRIO;PLANEJADO
2026/06/25;AP.MPAGO;1496.21;FINANCEIRO;ENTRADAS;EXTRAORDINÁRIO;PLANEJADO
2026/07/25;AP.MPAGO;1496.21;FINANCEIRO;ENTRADAS;EXTRAORDINÁRIO;PLANEJADO
2026/08/25;AP.MPAGO;1496.21;FINANCEIRO;ENTRADAS;EXTRAORDINÁRIO;PLANEJADO
2026/09/25;AP.MPAGO;1496.21;FINANCEIRO;ENTRADAS;EXTRAORDINÁRIO;PLANEJADO
2026/10/25;AP.MPAGO;1496.21;FINANCEIRO;ENTRADAS;EXTRAORDINÁRIO;PLANEJADO
2026/11/25;AP.MPAGO;1496.21;FINANCEIRO;ENTRADAS;EXTRAORDINÁRIO;PLANEJADO
2026/12/25;AP.MPAGO;1496.21;FINANCEIRO;ENTRADAS;EXTRAORDINÁRIO;PLANEJADO
2026/01/25;SICREDI;12086.19;OFERTAS;ENTRADAS;ORDINÁRIO;PLANEJADO
2026/02/25;SICREDI;12086.19;OFERTAS;ENTRADAS;ORDINÁRIO;PLANEJADO
2026/03/25;SICREDI;12086.19;OFERTAS;ENTRADAS;ORDINÁRIO;PLANEJADO
2026/04/25;SICREDI;12086.19;OFERTAS;ENTRADAS;ORDINÁRIO;PLANEJADO
2026/05/25;SICREDI;12086.19;OFERTAS;ENTRADAS;ORDINÁRIO;PLANEJADO
2026/06/25;SICREDI;12086.19;OFERTAS;ENTRADAS;ORDINÁRIO;PLANEJADO
2026/07/25;SICREDI;12086.19;OFERTAS;ENTRADAS;ORDINÁRIO;PLANEJADO
2026/08/25;SICREDI;12086.19;OFERTAS;ENTRADAS;ORDINÁRIO;PLANEJADO
2026/09/25;SICREDI;12086.19;OFERTAS;ENTRADAS;ORDINÁRIO;PLANEJADO
2026/10/25;SICREDI;12086.19;OFERTAS;ENTRADAS;ORDINÁRIO;PLANEJADO
2026/11/25;SICREDI;12086.19;OFERTAS;ENTRADAS;ORDINÁRIO;PLANEJADO
2026/12/25;SICREDI;12086.19;OFERTAS;ENTRADAS;ORDINÁRIO;PLANEJADO
2026/01/25;SICREDI;-12806.47;PREBENDA BRUTA;SAÍDAS;ORDINÁRIO;PLANEJADO
2026/02/25;SICREDI;-12806.47;PREBENDA BRUTA;SAÍDAS;ORDINÁRIO;PLANEJADO
2026/03/25;SICREDI;-12806.47;PREBENDA BRUTA;SAÍDAS;ORDINÁRIO;PLANEJADO
2026/04/25;SICREDI;-12806.47;PREBENDA BRUTA;SAÍDAS;ORDINÁRIO;PLANEJADO
2026/05/25;SICREDI;-12806.47;PREBENDA BRUTA;SAÍDAS;ORDINÁRIO;PLANEJADO
2026/06/25;SICREDI;-12806.47;PREBENDA BRUTA;SAÍDAS;ORDINÁRIO;PLANEJADO
2026/07/25;SICREDI;-12806.47;PREBENDA BRUTA;SAÍDAS;ORDINÁRIO;PLANEJADO
2026/08/25;SICREDI;-12806.47;PREBENDA BRUTA;SAÍDAS;ORDINÁRIO;PLANEJADO
2026/09/25;SICREDI;-12806.47;PREBENDA BRUTA;SAÍDAS;ORDINÁRIO;PLANEJADO
2026/10/25;SICREDI;-12806.47;PREBENDA BRUTA;SAÍDAS;ORDINÁRIO;PLANEJADO
2026/11/25;SICREDI;-12806.47;PREBENDA BRUTA;SAÍDAS;ORDINÁRIO;PLANEJADO
2026/12/25;SICREDI;-12806.47;PREBENDA BRUTA;SAÍDAS;ORDINÁRIO;PLANEJADO
2026/01/25;SICREDI;-4016.25;ALUGUEL;SAÍDAS;ORDINÁRIO;PLANEJADO
2026/02/25;SICREDI;-4016.25;ALUGUEL;SAÍDAS;ORDINÁRIO;PLANEJADO
2026/03/25;SICREDI;-4016.25;ALUGUEL;SAÍDAS;ORDINÁRIO;PLANEJADO
2026/04/25;SICREDI;-4016.25;ALUGUEL;SAÍDAS;ORDINÁRIO;PLANEJADO
2026/05/25;SICREDI;-4016.25;ALUGUEL;SAÍDAS;ORDINÁRIO;PLANEJADO
2026/06/25;SICREDI;-4016.25;ALUGUEL;SAÍDAS;ORDINÁRIO;PLANEJADO
2026/07/25;SICREDI;-4016.25;ALUGUEL;SAÍDAS;ORDINÁRIO;PLANEJADO
2026/08/25;SICREDI;-4016.25;ALUGUEL;SAÍDAS;ORDINÁRIO;PLANEJADO
2026/09/25;SICREDI;-4016.25;ALUGUEL;SAÍDAS;ORDINÁRIO;PLANEJADO
2026/10/25;SICREDI;-4016.25;ALUGUEL;SAÍDAS;ORDINÁRIO;PLANEJADO
2026/11/25;SICREDI;-4016.25;ALUGUEL;SAÍDAS;ORDINÁRIO;PLANEJADO
2026/12/25;SICREDI;-4016.25;ALUGUEL;SAÍDAS;ORDINÁRIO;PLANEJADO
2026/01/25;SICREDI;-537.14;FINANCEIRO;SAÍDAS;ORDINÁRIO;PLANEJADO
2026/02/25;SICREDI;-537.14;FINANCEIRO;SAÍDAS;ORDINÁRIO;PLANEJADO
2026/03/25;SICREDI;-537.14;FINANCEIRO;SAÍDAS;ORDINÁRIO;PLANEJADO
2026/04/25;SICREDI;-537.14;FINANCEIRO;SAÍDAS;ORDINÁRIO;PLANEJADO
2026/05/25;SICREDI;-537.14;FINANCEIRO;SAÍDAS;ORDINÁRIO;PLANEJADO
2026/06/25;SICREDI;-537.14;FINANCEIRO;SAÍDAS;ORDINÁRIO;PLANEJADO
2026/07/25;SICREDI;-537.14;FINANCEIRO;SAÍDAS;ORDINÁRIO;PLANEJADO
2026/08/25;SICREDI;-537.14;FINANCEIRO;SAÍDAS;ORDINÁRIO;PLANEJADO
2026/09/25;SICREDI;-537.14;FINANCEIRO;SAÍDAS;ORDINÁRIO;PLANEJADO
2026/10/25;SICREDI;-537.14;FINANCEIRO;SAÍDAS;ORDINÁRIO;PLANEJADO
2026/11/25;SICREDI;-537.14;FINANCEIRO;SAÍDAS;ORDINÁRIO;PLANEJADO
2026/12/25;SICREDI;-537.14;FINANCEIRO;SAÍDAS;ORDINÁRIO;PLANEJADO
2026/01/25;MPAGO;-100.00;LOUVOR;SAÍDAS;ORDINÁRIO;PLANEJADO
2026/02/25;MPAGO;-100.00;LOUVOR;SAÍDAS;ORDINÁRIO;PLANEJADO
2026/03/25;MPAGO;-100.00;LOUVOR;SAÍDAS;ORDINÁRIO;PLANEJADO
2026/04/25;MPAGO;-100.00;LOUVOR;SAÍDAS;ORDINÁRIO;PLANEJADO
2026/05/25;MPAGO;-100.00;LOUVOR;SAÍDAS;ORDINÁRIO;PLANEJADO
2026/06/25;MPAGO;-100.00;LOUVOR;SAÍDAS;ORDINÁRIO;PLANEJADO
2026/07/25;MPAGO;-100.00;LOUVOR;SAÍDAS;ORDINÁRIO;PLANEJADO
2026/08/25;MPAGO;-100.00;LOUVOR;SAÍDAS;ORDINÁRIO;PLANEJADO
2026/09/25;MPAGO;-100.00;LOUVOR;SAÍDAS;ORDINÁRIO;PLANEJADO
2026/10/25;MPAGO;-100.00;LOUVOR;SAÍDAS;ORDINÁRIO;PLANEJADO
2026/11/25;MPAGO;-100.00;LOUVOR;SAÍDAS;ORDINÁRIO;PLANEJADO
2026/12/25;MPAGO;-100.00;LOUVOR;SAÍDAS;ORDINÁRIO;PLANEJADO
2026/01/25;SICREDI;-50.00;INFANTIL;SAÍDAS;ORDINÁRIO;PLANEJADO
2026/02/25;SICREDI;-50.00;INFANTIL;SAÍDAS;ORDINÁRIO;PLANEJADO
2026/03/25;SICREDI;-50.00;INFANTIL;SAÍDAS;ORDINÁRIO;PLANEJADO
2026/04/25;SICREDI;-50.00;INFANTIL;SAÍDAS;ORDINÁRIO;PLANEJADO
2026/05/25;SICREDI;-50.00;INFANTIL;SAÍDAS;ORDINÁRIO;PLANEJADO
2026/06/25;SICREDI;-50.00;INFANTIL;SAÍDAS;ORDINÁRIO;PLANEJADO
2026/07/25;SICREDI;-50.00;INFANTIL;SAÍDAS;ORDINÁRIO;PLANEJADO
2026/08/25;SICREDI;-50.00;INFANTIL;SAÍDAS;ORDINÁRIO;PLANEJADO
2026/09/25;SICREDI;-50.00;INFANTIL;SAÍDAS;ORDINÁRIO;PLANEJADO
2026/10/25;SICREDI;-50.00;INFANTIL;SAÍDAS;ORDINÁRIO;PLANEJADO
2026/11/25;SICREDI;-50.00;INFANTIL;SAÍDAS;ORDINÁRIO;PLANEJADO
2026/12/25;SICREDI;-50.00;INFANTIL;SAÍDAS;ORDINÁRIO;PLANEJADO
2026/01/25;MPAGO;-50.00;COMUNICAÇÃO;SAÍDAS;ORDINÁRIO;PLANEJADO
2026/02/25;MPAGO;-50.00;COMUNICAÇÃO;SAÍDAS;ORDINÁRIO;PLANEJADO
2026/03/25;MPAGO;-50.00;COMUNICAÇÃO;SAÍDAS;ORDINÁRIO;PLANEJADO
2026/04/25;MPAGO;-50.00;COMUNICAÇÃO;SAÍDAS;ORDINÁRIO;PLANEJADO
2026/05/25;MPAGO;-50.00;COMUNICAÇÃO;SAÍDAS;ORDINÁRIO;PLANEJADO
2026/06/25;MPAGO;-50.00;COMUNICAÇÃO;SAÍDAS;ORDINÁRIO;PLANEJADO
2026/07/25;MPAGO;-50.00;COMUNICAÇÃO;SAÍDAS;ORDINÁRIO;PLANEJADO
2026/08/25;MPAGO;-50.00;COMUNICAÇÃO;SAÍDAS;ORDINÁRIO;PLANEJADO
2026/09/25;MPAGO;-50.00;COMUNICAÇÃO;SAÍDAS;ORDINÁRIO;PLANEJADO
2026/10/25;MPAGO;-50.00;COMUNICAÇÃO;SAÍDAS;ORDINÁRIO;PLANEJADO
2026/11/25;MPAGO;-50.00;COMUNICAÇÃO;SAÍDAS;ORDINÁRIO;PLANEJADO
2026/12/25;MPAGO;-50.00;COMUNICAÇÃO;SAÍDAS;ORDINÁRIO;PLANEJADO
2026/01/25;SICREDI;-100.00;MISSÕES;SAÍDAS;ORDINÁRIO;PLANEJADO
2026/02/25;SICREDI;-100.00;MISSÕES;SAÍDAS;ORDINÁRIO;PLANEJADO
2026/03/25;SICREDI;-100.00;MISSÕES;SAÍDAS;ORDINÁRIO;PLANEJADO
2026/04/25;SICREDI;-100.00;MISSÕES;SAÍDAS;ORDINÁRIO;PLANEJADO
2026/05/25;SICREDI;-100.00;MISSÕES;SAÍDAS;ORDINÁRIO;PLANEJADO
2026/06/25;SICREDI;-100.00;MISSÕES;SAÍDAS;ORDINÁRIO;PLANEJADO
2026/07/25;SICREDI;-100.00;MISSÕES;SAÍDAS;ORDINÁRIO;PLANEJADO
2026/08/25;SICREDI;-100.00;MISSÕES;SAÍDAS;ORDINÁRIO;PLANEJADO
2026/09/25;SICREDI;-100.00;MISSÕES;SAÍDAS;ORDINÁRIO;PLANEJADO
2026/10/25;SICREDI;-100.00;MISSÕES;SAÍDAS;ORDINÁRIO;PLANEJADO
2026/11/25;SICREDI;-100.00;MISSÕES;SAÍDAS;ORDINÁRIO;PLANEJADO
2026/12/25;SICREDI;-100.00;MISSÕES;SAÍDAS;ORDINÁRIO;PLANEJADO
2026/01/25;MPAGO;-80.47;BOAS VINDAS;SAÍDAS;ORDINÁRIO;PLANEJADO
2026/02/25;MPAGO;-80.47;BOAS VINDAS;SAÍDAS;ORDINÁRIO;PLANEJADO
2026/03/25;MPAGO;-80.47;BOAS VINDAS;SAÍDAS;ORDINÁRIO;PLANEJADO
2026/04/25;MPAGO;-80.47;BOAS VINDAS;SAÍDAS;ORDINÁRIO;PLANEJADO
2026/05/25;MPAGO;-80.47;BOAS VINDAS;SAÍDAS;ORDINÁRIO;PLANEJADO
2026/06/25;MPAGO;-80.47;BOAS VINDAS;SAÍDAS;ORDINÁRIO;PLANEJADO
2026/07/25;MPAGO;-80.47;BOAS VINDAS;SAÍDAS;ORDINÁRIO;PLANEJADO
2026/08/25;MPAGO;-80.47;BOAS VINDAS;SAÍDAS;ORDINÁRIO;PLANEJADO
2026/09/25;MPAGO;-80.47;BOAS VINDAS;SAÍDAS;ORDINÁRIO;PLANEJADO
2026/10/25;MPAGO;-80.47;BOAS VINDAS;SAÍDAS;ORDINÁRIO;PLANEJADO
2026/11/25;MPAGO;-80.47;BOAS VINDAS;SAÍDAS;ORDINÁRIO;PLANEJADO
2026/12/25;MPAGO;-80.47;BOAS VINDAS;SAÍDAS;ORDINÁRIO;PLANEJADO
2026/01/25;SICREDI;-61.62;SOCIAL;SAÍDAS;ORDINÁRIO;PLANEJADO
2026/02/25;SICREDI;-61.62;SOCIAL;SAÍDAS;ORDINÁRIO;PLANEJADO
2026/03/25;SICREDI;-61.62;SOCIAL;SAÍDAS;ORDINÁRIO;PLANEJADO
2026/04/25;SICREDI;-61.62;SOCIAL;SAÍDAS;ORDINÁRIO;PLANEJADO
2026/05/25;SICREDI;-61.62;SOCIAL;SAÍDAS;ORDINÁRIO;PLANEJADO
2026/06/25;SICREDI;-61.62;SOCIAL;SAÍDAS;ORDINÁRIO;PLANEJADO
2026/07/25;SICREDI;-61.62;SOCIAL;SAÍDAS;ORDINÁRIO;PLANEJADO
2026/08/25;SICREDI;-61.62;SOCIAL;SAÍDAS;ORDINÁRIO;PLANEJADO
2026/09/25;SICREDI;-61.62;SOCIAL;SAÍDAS;ORDINÁRIO;PLANEJADO
2026/10/25;SICREDI;-61.62;SOCIAL;SAÍDAS;ORDINÁRIO;PLANEJADO
2026/11/25;SICREDI;-61.62;SOCIAL;SAÍDAS;ORDINÁRIO;PLANEJADO
2026/12/25;SICREDI;-61.62;SOCIAL;SAÍDAS;ORDINÁRIO;PLANEJADO
2026/12/25;AP.MPAGO;1496.21;FINANCEIRO;ENTRADAS;EXTRAORDINÁRIO;AJUSTADO
2026/12/25;AP.MPAGO;1496.21;FINANCEIRO;ENTRADAS;EXTRAORDINÁRIO;AJUSTADO
2026/12/25;AP.MPAGO;1496.21;FINANCEIRO;ENTRADAS;EXTRAORDINÁRIO;AJUSTADO
2026/12/25;AP.MPAGO;1496.21;FINANCEIRO;ENTRADAS;EXTRAORDINÁRIO;AJUSTADO
2026/12/25;AP.MPAGO;1496.21;FINANCEIRO;ENTRADAS;EXTRAORDINÁRIO;AJUSTADO
2026/12/25;AP.MPAGO;1496.21;FINANCEIRO;ENTRADAS;EXTRAORDINÁRIO;AJUSTADO
2026/12/25;AP.MPAGO;1496.21;FINANCEIRO;ENTRADAS;EXTRAORDINÁRIO;AJUSTADO
2026/12/25;AP.MPAGO;1496.21;FINANCEIRO;ENTRADAS;EXTRAORDINÁRIO;AJUSTADO
2026/12/25;AP.MPAGO;1496.21;FINANCEIRO;ENTRADAS;EXTRAORDINÁRIO;AJUSTADO
2026/12/25;AP.MPAGO;1496.21;FINANCEIRO;ENTRADAS;EXTRAORDINÁRIO;AJUSTADO
2026/12/25;AP.MPAGO;1496.21;FINANCEIRO;ENTRADAS;EXTRAORDINÁRIO;AJUSTADO
2026/12/25;AP.MPAGO;1496.21;FINANCEIRO;ENTRADAS;EXTRAORDINÁRIO;AJUSTADO
2026/12/25;SICREDI;12086.19;OFERTAS;ENTRADAS;ORDINÁRIO;AJUSTADO
2026/12/25;SICREDI;12086.19;OFERTAS;ENTRADAS;ORDINÁRIO;AJUSTADO
2026/12/25;SICREDI;12086.19;OFERTAS;ENTRADAS;ORDINÁRIO;AJUSTADO
2026/12/25;SICREDI;12086.19;OFERTAS;ENTRADAS;ORDINÁRIO;AJUSTADO
2026/12/25;SICREDI;12086.19;OFERTAS;ENTRADAS;ORDINÁRIO;AJUSTADO
2026/12/25;SICREDI;12086.19;OFERTAS;ENTRADAS;ORDINÁRIO;AJUSTADO
2026/12/25;SICREDI;12086.19;OFERTAS;ENTRADAS;ORDINÁRIO;AJUSTADO
2026/12/25;SICREDI;12086.19;OFERTAS;ENTRADAS;ORDINÁRIO;AJUSTADO
2026/12/25;SICREDI;12086.19;OFERTAS;ENTRADAS;ORDINÁRIO;AJUSTADO
2026/12/25;SICREDI;12086.19;OFERTAS;ENTRADAS;ORDINÁRIO;AJUSTADO
2026/12/25;SICREDI;12086.19;OFERTAS;ENTRADAS;ORDINÁRIO;AJUSTADO
2026/12/25;SICREDI;12086.19;OFERTAS;ENTRADAS;ORDINÁRIO;AJUSTADO
2026/01/25;SICREDI;-12806.47;PREBENDA BRUTA;SAÍDAS;ORDINÁRIO;AJUSTADO
2026/02/25;SICREDI;-12806.47;PREBENDA BRUTA;SAÍDAS;ORDINÁRIO;AJUSTADO
2026/03/25;SICREDI;-10698.60;PREBENDA BRUTA;SAÍDAS;ORDINÁRIO;AJUSTADO
2026/04/25;SICREDI;-10698.60;PREBENDA BRUTA;SAÍDAS;ORDINÁRIO;AJUSTADO
2026/05/25;SICREDI;-10698.60;PREBENDA BRUTA;SAÍDAS;ORDINÁRIO;AJUSTADO
2026/06/25;SICREDI;-10698.60;PREBENDA BRUTA;SAÍDAS;ORDINÁRIO;AJUSTADO
2026/07/25;SICREDI;-10698.60;PREBENDA BRUTA;SAÍDAS;ORDINÁRIO;AJUSTADO
2026/08/25;SICREDI;-10698.60;PREBENDA BRUTA;SAÍDAS;ORDINÁRIO;AJUSTADO
2026/09/25;SICREDI;-10698.60;PREBENDA BRUTA;SAÍDAS;ORDINÁRIO;AJUSTADO
2026/10/25;SICREDI;-10698.60;PREBENDA BRUTA;SAÍDAS;ORDINÁRIO;AJUSTADO
2026/11/25;SICREDI;-10698.60;PREBENDA BRUTA;SAÍDAS;ORDINÁRIO;AJUSTADO
2026/12/25;SICREDI;-10698.60;PREBENDA BRUTA;SAÍDAS;ORDINÁRIO;AJUSTADO
2026/01/25;SICREDI;-4016.25;ALUGUEL;SAÍDAS;ORDINÁRIO;AJUSTADO
2026/02/25;SICREDI;-4016.25;ALUGUEL;SAÍDAS;ORDINÁRIO;AJUSTADO
2026/03/25;SICREDI;-4016.25;ALUGUEL;SAÍDAS;ORDINÁRIO;AJUSTADO
2026/04/25;SICREDI;-4016.25;ALUGUEL;SAÍDAS;ORDINÁRIO;AJUSTADO
2026/05/25;SICREDI;-4016.25;ALUGUEL;SAÍDAS;ORDINÁRIO;AJUSTADO
2026/06/25;SICREDI;-4016.25;ALUGUEL;SAÍDAS;ORDINÁRIO;AJUSTADO
2026/07/25;SICREDI;-4016.25;ALUGUEL;SAÍDAS;ORDINÁRIO;AJUSTADO
2026/08/25;SICREDI;-4016.25;ALUGUEL;SAÍDAS;ORDINÁRIO;AJUSTADO
2026/09/25;SICREDI;-4016.25;ALUGUEL;SAÍDAS;ORDINÁRIO;AJUSTADO
2026/10/25;SICREDI;-4016.25;ALUGUEL;SAÍDAS;ORDINÁRIO;AJUSTADO
2026/11/25;SICREDI;-4016.25;ALUGUEL;SAÍDAS;ORDINÁRIO;AJUSTADO
2026/12/25;SICREDI;-4016.25;ALUGUEL;SAÍDAS;ORDINÁRIO;AJUSTADO
2026/01/25;SICREDI;-537.14;FINANCEIRO;SAÍDAS;ORDINÁRIO;AJUSTADO
2026/02/25;SICREDI;-537.14;FINANCEIRO;SAÍDAS;ORDINÁRIO;AJUSTADO
2026/03/25;SICREDI;-537.14;FINANCEIRO;SAÍDAS;ORDINÁRIO;AJUSTADO
2026/04/25;SICREDI;-537.14;FINANCEIRO;SAÍDAS;ORDINÁRIO;AJUSTADO
2026/05/25;SICREDI;-537.14;FINANCEIRO;SAÍDAS;ORDINÁRIO;AJUSTADO
2026/06/25;SICREDI;-537.14;FINANCEIRO;SAÍDAS;ORDINÁRIO;AJUSTADO
2026/07/25;SICREDI;-537.14;FINANCEIRO;SAÍDAS;ORDINÁRIO;AJUSTADO
2026/08/25;SICREDI;-537.14;FINANCEIRO;SAÍDAS;ORDINÁRIO;AJUSTADO
2026/09/25;SICREDI;-537.14;FINANCEIRO;SAÍDAS;ORDINÁRIO;AJUSTADO
2026/10/25;SICREDI;-537.14;FINANCEIRO;SAÍDAS;ORDINÁRIO;AJUSTADO
2026/11/25;SICREDI;-537.14;FINANCEIRO;SAÍDAS;ORDINÁRIO;AJUSTADO
2026/12/25;SICREDI;-537.14;FINANCEIRO;SAÍDAS;ORDINÁRIO;AJUSTADO
2026/01/25;MPAGO;-100.00;LOUVOR;SAÍDAS;ORDINÁRIO;AJUSTADO
2026/02/25;MPAGO;-100.00;LOUVOR;SAÍDAS;ORDINÁRIO;AJUSTADO
2026/03/25;MPAGO;-100.00;LOUVOR;SAÍDAS;ORDINÁRIO;AJUSTADO
2026/04/25;MPAGO;-100.00;LOUVOR;SAÍDAS;ORDINÁRIO;AJUSTADO
2026/05/25;MPAGO;-100.00;LOUVOR;SAÍDAS;ORDINÁRIO;AJUSTADO
2026/06/25;MPAGO;-100.00;LOUVOR;SAÍDAS;ORDINÁRIO;AJUSTADO
2026/07/25;MPAGO;-100.00;LOUVOR;SAÍDAS;ORDINÁRIO;AJUSTADO
2026/08/25;MPAGO;-100.00;LOUVOR;SAÍDAS;ORDINÁRIO;AJUSTADO
2026/09/25;MPAGO;-100.00;LOUVOR;SAÍDAS;ORDINÁRIO;AJUSTADO
2026/10/25;MPAGO;-100.00;LOUVOR;SAÍDAS;ORDINÁRIO;AJUSTADO
2026/11/25;MPAGO;-100.00;LOUVOR;SAÍDAS;ORDINÁRIO;AJUSTADO
2026/12/25;MPAGO;-100.00;LOUVOR;SAÍDAS;ORDINÁRIO;AJUSTADO
2026/01/25;SICREDI;-50.00;INFANTIL;SAÍDAS;ORDINÁRIO;AJUSTADO
2026/02/25;SICREDI;-50.00;INFANTIL;SAÍDAS;ORDINÁRIO;AJUSTADO
2026/03/25;SICREDI;-50.00;INFANTIL;SAÍDAS;ORDINÁRIO;AJUSTADO
2026/04/25;SICREDI;-50.00;INFANTIL;SAÍDAS;ORDINÁRIO;AJUSTADO
2026/05/25;SICREDI;-50.00;INFANTIL;SAÍDAS;ORDINÁRIO;AJUSTADO
2026/06/25;SICREDI;-50.00;INFANTIL;SAÍDAS;ORDINÁRIO;AJUSTADO
2026/07/25;SICREDI;-50.00;INFANTIL;SAÍDAS;ORDINÁRIO;AJUSTADO
2026/08/25;SICREDI;-50.00;INFANTIL;SAÍDAS;ORDINÁRIO;AJUSTADO
2026/09/25;SICREDI;-50.00;INFANTIL;SAÍDAS;ORDINÁRIO;AJUSTADO
2026/10/25;SICREDI;-50.00;INFANTIL;SAÍDAS;ORDINÁRIO;AJUSTADO
2026/11/25;SICREDI;-50.00;INFANTIL;SAÍDAS;ORDINÁRIO;AJUSTADO
2026/12/25;SICREDI;-50.00;INFANTIL;SAÍDAS;ORDINÁRIO;AJUSTADO
2026/01/25;MPAGO;-50.00;COMUNICAÇÃO;SAÍDAS;ORDINÁRIO;AJUSTADO
2026/02/25;MPAGO;-50.00;COMUNICAÇÃO;SAÍDAS;ORDINÁRIO;AJUSTADO
2026/03/25;MPAGO;-50.00;COMUNICAÇÃO;SAÍDAS;ORDINÁRIO;AJUSTADO
2026/04/25;MPAGO;-50.00;COMUNICAÇÃO;SAÍDAS;ORDINÁRIO;AJUSTADO
2026/05/25;MPAGO;-50.00;COMUNICAÇÃO;SAÍDAS;ORDINÁRIO;AJUSTADO
2026/06/25;MPAGO;-50.00;COMUNICAÇÃO;SAÍDAS;ORDINÁRIO;AJUSTADO
2026/07/25;MPAGO;-50.00;COMUNICAÇÃO;SAÍDAS;ORDINÁRIO;AJUSTADO
2026/08/25;MPAGO;-50.00;COMUNICAÇÃO;SAÍDAS;ORDINÁRIO;AJUSTADO
2026/09/25;MPAGO;-50.00;COMUNICAÇÃO;SAÍDAS;ORDINÁRIO;AJUSTADO
2026/10/25;MPAGO;-50.00;COMUNICAÇÃO;SAÍDAS;ORDINÁRIO;AJUSTADO
2026/11/25;MPAGO;-50.00;COMUNICAÇÃO;SAÍDAS;ORDINÁRIO;AJUSTADO
2026/12/25;MPAGO;-50.00;COMUNICAÇÃO;SAÍDAS;ORDINÁRIO;AJUSTADO
2026/01/25;SICREDI;-100.00;MISSÕES;SAÍDAS;ORDINÁRIO;AJUSTADO
2026/02/25;SICREDI;-100.00;MISSÕES;SAÍDAS;ORDINÁRIO;AJUSTADO
2026/03/25;SICREDI;-100.00;MISSÕES;SAÍDAS;ORDINÁRIO;AJUSTADO
2026/04/25;SICREDI;-100.00;MISSÕES;SAÍDAS;ORDINÁRIO;AJUSTADO
2026/05/25;SICREDI;-100.00;MISSÕES;SAÍDAS;ORDINÁRIO;AJUSTADO
2026/06/25;SICREDI;-100.00;MISSÕES;SAÍDAS;ORDINÁRIO;AJUSTADO
2026/07/25;SICREDI;-100.00;MISSÕES;SAÍDAS;ORDINÁRIO;AJUSTADO
2026/08/25;SICREDI;-100.00;MISSÕES;SAÍDAS;ORDINÁRIO;AJUSTADO
2026/09/25;SICREDI;-100.00;MISSÕES;SAÍDAS;ORDINÁRIO;AJUSTADO
2026/10/25;SICREDI;-100.00;MISSÕES;SAÍDAS;ORDINÁRIO;AJUSTADO
2026/11/25;SICREDI;-100.00;MISSÕES;SAÍDAS;ORDINÁRIO;AJUSTADO
2026/12/25;SICREDI;-100.00;MISSÕES;SAÍDAS;ORDINÁRIO;AJUSTADO
2026/01/25;MPAGO;-80.47;BOAS VINDAS;SAÍDAS;ORDINÁRIO;AJUSTADO
2026/02/25;MPAGO;-80.47;BOAS VINDAS;SAÍDAS;ORDINÁRIO;AJUSTADO
2026/03/25;MPAGO;-80.47;BOAS VINDAS;SAÍDAS;ORDINÁRIO;AJUSTADO
2026/04/25;MPAGO;-80.47;BOAS VINDAS;SAÍDAS;ORDINÁRIO;AJUSTADO
2026/05/25;MPAGO;-80.47;BOAS VINDAS;SAÍDAS;ORDINÁRIO;AJUSTADO
2026/06/25;MPAGO;-80.47;BOAS VINDAS;SAÍDAS;ORDINÁRIO;AJUSTADO
2026/07/25;MPAGO;-80.47;BOAS VINDAS;SAÍDAS;ORDINÁRIO;AJUSTADO
2026/08/25;MPAGO;-80.47;BOAS VINDAS;SAÍDAS;ORDINÁRIO;AJUSTADO
2026/09/25;MPAGO;-80.47;BOAS VINDAS;SAÍDAS;ORDINÁRIO;AJUSTADO
2026/10/25;MPAGO;-80.47;BOAS VINDAS;SAÍDAS;ORDINÁRIO;AJUSTADO
2026/11/25;MPAGO;-80.47;BOAS VINDAS;SAÍDAS;ORDINÁRIO;AJUSTADO
2026/12/25;MPAGO;-80.47;BOAS VINDAS;SAÍDAS;ORDINÁRIO;AJUSTADO
2026/01/25;SICREDI;-61.62;SOCIAL;SAÍDAS;ORDINÁRIO;AJUSTADO
2026/02/25;SICREDI;-61.62;SOCIAL;SAÍDAS;ORDINÁRIO;AJUSTADO
2026/03/25;SICREDI;-61.62;SOCIAL;SAÍDAS;ORDINÁRIO;AJUSTADO
2026/04/25;SICREDI;-61.62;SOCIAL;SAÍDAS;ORDINÁRIO;AJUSTADO
2026/05/25;SICREDI;-61.62;SOCIAL;SAÍDAS;ORDINÁRIO;AJUSTADO
2026/06/25;SICREDI;-61.62;SOCIAL;SAÍDAS;ORDINÁRIO;AJUSTADO
2026/07/25;SICREDI;-61.62;SOCIAL;SAÍDAS;ORDINÁRIO;AJUSTADO
2026/08/25;SICREDI;-61.62;SOCIAL;SAÍDAS;ORDINÁRIO;AJUSTADO
2026/09/25;SICREDI;-61.62;SOCIAL;SAÍDAS;ORDINÁRIO;AJUSTADO
2026/10/25;SICREDI;-61.62;SOCIAL;SAÍDAS;ORDINÁRIO;AJUSTADO
2026/11/25;SICREDI;-61.62;SOCIAL;SAÍDAS;ORDINÁRIO;AJUSTADO
2026/12/25;SICREDI;-61.62;SOCIAL;SAÍDAS;ORDINÁRIO;AJUSTADO
2026/01/25;MPAGO;0.00;CAMPANHAS;SAÍDAS;EXTRAORDINÁRIO;AJUSTADO
2026/02/25;MPAGO;0.00;CAMPANHAS;SAÍDAS;EXTRAORDINÁRIO;AJUSTADO
2026/03/25;MPAGO;3000.00;CAMPANHAS;ENTRADAS;EXTRAORDINÁRIO;AJUSTADO
2026/04/25;MPAGO;3000.00;CAMPANHAS;ENTRADAS;EXTRAORDINÁRIO;AJUSTADO
2026/05/25;MPAGO;3000.00;CAMPANHAS;ENTRADAS;EXTRAORDINÁRIO;AJUSTADO
2026/06/25;MPAGO;3000.00;CAMPANHAS;ENTRADAS;EXTRAORDINÁRIO;AJUSTADO
2026/07/25;MPAGO;3000.00;CAMPANHAS;ENTRADAS;EXTRAORDINÁRIO;AJUSTADO
2026/08/25;MPAGO;3000.00;CAMPANHAS;ENTRADAS;EXTRAORDINÁRIO;AJUSTADO
2026/09/25;MPAGO;3000.00;CAMPANHAS;ENTRADAS;EXTRAORDINÁRIO;AJUSTADO
2026/10/25;MPAGO;3000.00;CAMPANHAS;ENTRADAS;EXTRAORDINÁRIO;AJUSTADO
2026/11/25;MPAGO;3000.00;CAMPANHAS;ENTRADAS;EXTRAORDINÁRIO;AJUSTADO
2026/12/25;MPAGO;3000.00;CAMPANHAS;ENTRADAS;EXTRAORDINÁRIO;AJUSTADO
2023/12/31;PLANTACAO;0.00;OFERTAS;ENTRADAS;ORDINÁRIO;REALIZADO
2024/01/01;PLANTACAO;10.00;OFERTAS;ENTRADAS;ORDINÁRIO;REALIZADO
2024/01/19;PLANTACAO;200.00;OFERTAS;ENTRADAS;ORDINÁRIO;REALIZADO
2024/01/29;PLANTACAO;2000.00;ALUGUEL;ENTRADAS;EXTRAORDINÁRIO;REALIZADO
2024/01/29;PLANTACAO;-2000.00;ALUGUEL;SAÍDAS;ORDINÁRIO;REALIZADO
2024/01/31;PLANTACAO;20000.00;IBNT;ENTRADAS;EXTRAORDINÁRIO;REALIZADO
2024/02/01;PLANTACAO;100.00;OFERTAS;ENTRADAS;ORDINÁRIO;REALIZADO
2024/02/01;PLANTACAO;200.00;OFERTAS;ENTRADAS;ORDINÁRIO;REALIZADO
2024/02/01;PLANTACAO;300.00;OFERTAS;ENTRADAS;ORDINÁRIO;REALIZADO
2024/02/05;PLANTACAO;3000.00;IBNT;ENTRADAS;EXTRAORDINÁRIO;REALIZADO
2024/02/07;PLANTACAO;605.00;OFERTAS;ENTRADAS;ORDINÁRIO;REALIZADO
2024/02/07;PLANTACAO;331.25;OFERTAS;ENTRADAS;ORDINÁRIO;REALIZADO
2024/02/08;PLANTACAO;500.01;OFERTAS;ENTRADAS;ORDINÁRIO;REALIZADO
2024/02/09;PLANTACAO;-185.49;INFANTIL;SAÍDAS;ORDINÁRIO;REALIZADO
2024/02/09;PLANTACAO;-115.90;BOAS VINDAS;SAÍDAS;ORDINÁRIO;REALIZADO
2024/02/09;PLANTACAO;-107.95;BOAS VINDAS;SAÍDAS;ORDINÁRIO;REALIZADO
2024/02/10;PLANTACAO;-112.00;COMUNICAÇÃO;SAÍDAS;ORDINÁRIO;REALIZADO
2024/02/14;PLANTACAO;140.00;OFERTAS;ENTRADAS;ORDINÁRIO;REALIZADO
2024/02/14;PLANTACAO;353.67;OFERTAS;ENTRADAS;ORDINÁRIO;REALIZADO
2024/02/20;PLANTACAO;2000.00;ALUGUEL;ENTRADAS;EXTRAORDINÁRIO;REALIZADO
2024/02/21;PLANTACAO;1240.00;OFERTAS;ENTRADAS;ORDINÁRIO;REALIZADO
2024/02/21;PLANTACAO;190.00;OFERTAS;ENTRADAS;ORDINÁRIO;REALIZADO
2024/02/28;PLANTACAO;-2000.00;ALUGUEL;SAÍDAS;ORDINÁRIO;REALIZADO
2024/02/28;PLANTACAO;250.00;OFERTAS;ENTRADAS;ORDINÁRIO;REALIZADO
2024/02/28;PLANTACAO;310.00;OFERTAS;ENTRADAS;ORDINÁRIO;REALIZADO
2024/02/29;PLANTACAO;-193.50;COMUNICAÇÃO;SAÍDAS;ORDINÁRIO;REALIZADO
2024/03/01;PLANTACAO;3000.00;IBNT;ENTRADAS;EXTRAORDINÁRIO;REALIZADO
2026/02/01;SICREDI;-400.00;MISSÕES;SAÍDAS;EXTRAORDINÁRIO;REALIZADO
2024/03/06;PLANTACAO;950.00;OFERTAS;ENTRADAS;ORDINÁRIO;REALIZADO
2024/03/06;PLANTACAO;425.00;OFERTAS;ENTRADAS;ORDINÁRIO;REALIZADO
2024/03/13;PLANTACAO;780.00;OFERTAS;ENTRADAS;ORDINÁRIO;REALIZADO
2024/03/13;PLANTACAO;50.20;OFERTAS;ENTRADAS;ORDINÁRIO;REALIZADO
2024/03/18;PLANTACAO;-132.88;INFANTIL;SAÍDAS;ORDINÁRIO;REALIZADO
2024/03/20;PLANTACAO;360.00;OFERTAS;ENTRADAS;ORDINÁRIO;REALIZADO
2024/03/20;PLANTACAO;690.00;OFERTAS;ENTRADAS;ORDINÁRIO;REALIZADO
2024/03/23;PLANTACAO;-30.00;CAPACITAÇÃO;SAÍDAS;EXTRAORDINÁRIO;REALIZADO
2024/03/26;PLANTACAO;-2000.00;ALUGUEL;SAÍDAS;ORDINÁRIO;REALIZADO
2024/03/26;PLANTACAO;2000.00;ALUGUEL;ENTRADAS;EXTRAORDINÁRIO;REALIZADO
2024/03/27;PLANTACAO;875.00;OFERTAS;ENTRADAS;ORDINÁRIO;REALIZADO
2024/03/27;PLANTACAO;257.00;OFERTAS;ENTRADAS;ORDINÁRIO;REALIZADO
2024/04/01;PLANTACAO;-49.98;ESTACIONAMENTO;SAÍDAS;ORDINÁRIO;REALIZADO
2024/04/01;PLANTACAO;3000.00;IBNT;ENTRADAS;EXTRAORDINÁRIO;REALIZADO
2024/04/03;PLANTACAO;352.00;OFERTAS;ENTRADAS;ORDINÁRIO;REALIZADO
2024/04/03;PLANTACAO;350.00;OFERTAS;ENTRADAS;ORDINÁRIO;REALIZADO
2024/04/10;PLANTACAO;265.25;OFERTAS;ENTRADAS;ORDINÁRIO;REALIZADO
2024/04/10;PLANTACAO;1550.00;OFERTAS;ENTRADAS;ORDINÁRIO;REALIZADO
2024/04/17;PLANTACAO;200.00;OFERTAS;ENTRADAS;ORDINÁRIO;REALIZADO
2024/04/17;PLANTACAO;840.00;OFERTAS;ENTRADAS;ORDINÁRIO;REALIZADO
2024/04/19;PLANTACAO;2500.00;ALUGUEL;ENTRADAS;EXTRAORDINÁRIO;REALIZADO
2024/04/22;PLANTACAO;-2500.00;ALUGUEL;SAÍDAS;ORDINÁRIO;REALIZADO
2024/04/24;PLANTACAO;230.00;OFERTAS;ENTRADAS;ORDINÁRIO;REALIZADO
2024/04/24;PLANTACAO;140.00;OFERTAS;ENTRADAS;ORDINÁRIO;REALIZADO
2024/05/01;PLANTACAO;512.00;OFERTAS;ENTRADAS;ORDINÁRIO;REALIZADO
2024/05/01;PLANTACAO;959.00;OFERTAS;ENTRADAS;ORDINÁRIO;REALIZADO
2024/05/01;PLANTACAO;3000.00;IBNT;ENTRADAS;EXTRAORDINÁRIO;REALIZADO
2024/05/08;PLANTACAO;280.00;OFERTAS;ENTRADAS;ORDINÁRIO;REALIZADO
2024/05/08;PLANTACAO;613.70;OFERTAS;ENTRADAS;ORDINÁRIO;REALIZADO
2024/05/14;PLANTACAO;-53.87;BOAS VINDAS;SAÍDAS;ORDINÁRIO;REALIZADO
2024/05/15;PLANTACAO;120.00;OFERTAS;ENTRADAS;ORDINÁRIO;REALIZADO
2024/05/15;PLANTACAO;700.00;OFERTAS;ENTRADAS;ORDINÁRIO;REALIZADO
2024/05/20;PLANTACAO;2000.00;ALUGUEL;ENTRADAS;EXTRAORDINÁRIO;REALIZADO
2024/05/22;PLANTACAO;40.00;OFERTAS;ENTRADAS;ORDINÁRIO;REALIZADO
2024/05/22;PLANTACAO;1070.00;OFERTAS;ENTRADAS;ORDINÁRIO;REALIZADO
2024/05/28;PLANTACAO;-2000.00;ALUGUEL;SAÍDAS;ORDINÁRIO;REALIZADO
2024/05/29;PLANTACAO;250.00;OFERTAS;ENTRADAS;ORDINÁRIO;REALIZADO
2024/05/29;PLANTACAO;600.00;OFERTAS;ENTRADAS;ORDINÁRIO;REALIZADO
2024/05/29;PLANTACAO;1000.00;OFERTAS;ENTRADAS;EXTRAORDINÁRIO;REALIZADO
2024/05/29;PLANTACAO;-35.76;BOAS VINDAS;SAÍDAS;ORDINÁRIO;REALIZADO
2024/06/01;PLANTACAO;3000.00;IBNT;ENTRADAS;EXTRAORDINÁRIO;REALIZADO
2024/06/03;PLANTACAO;658.37;OFERTAS;ENTRADAS;ORDINÁRIO;REALIZADO
2024/06/05;PLANTACAO;250.00;OFERTAS;ENTRADAS;ORDINÁRIO;REALIZADO
2024/06/05;PLANTACAO;750.00;OFERTAS;ENTRADAS;ORDINÁRIO;REALIZADO
2024/06/12;PLANTACAO;160.00;OFERTAS;ENTRADAS;ORDINÁRIO;REALIZADO
2024/06/12;PLANTACAO;1050.00;OFERTAS;ENTRADAS;ORDINÁRIO;REALIZADO
2024/06/16;PLANTACAO;200.00;OFERTAS;ENTRADAS;ORDINÁRIO;REALIZADO
2024/06/19;PLANTACAO;300.00;OFERTAS;ENTRADAS;ORDINÁRIO;REALIZADO
2024/06/19;PLANTACAO;115.00;OFERTAS;ENTRADAS;ORDINÁRIO;REALIZADO
2024/06/22;PLANTACAO;2000.00;ALUGUEL;ENTRADAS;EXTRAORDINÁRIO;REALIZADO
2024/06/25;PLANTACAO;-2500.00;ALUGUEL;SAÍDAS;ORDINÁRIO;REALIZADO
2024/06/26;PLANTACAO;100.00;OFERTAS;ENTRADAS;ORDINÁRIO;REALIZADO
2024/06/26;PLANTACAO;1011.00;OFERTAS;ENTRADAS;ORDINÁRIO;REALIZADO
2024/07/01;PLANTACAO;3000.00;IBNT;ENTRADAS;EXTRAORDINÁRIO;REALIZADO
2024/07/03;PLANTACAO;250.00;OFERTAS;ENTRADAS;ORDINÁRIO;REALIZADO
2024/07/03;PLANTACAO;315.00;OFERTAS;ENTRADAS;ORDINÁRIO;REALIZADO
2024/07/10;PLANTACAO;240.00;OFERTAS;ENTRADAS;ORDINÁRIO;REALIZADO
2024/07/10;PLANTACAO;1765.00;OFERTAS;ENTRADAS;ORDINÁRIO;REALIZADO
2024/07/17;PLANTACAO;200.00;OFERTAS;ENTRADAS;ORDINÁRIO;REALIZADO
2024/07/17;PLANTACAO;970.00;OFERTAS;ENTRADAS;ORDINÁRIO;REALIZADO
2024/07/22;PLANTACAO;2000.00;ALUGUEL;ENTRADAS;EXTRAORDINÁRIO;REALIZADO
2024/07/24;PLANTACAO;620.00;OFERTAS;ENTRADAS;ORDINÁRIO;REALIZADO
2024/07/27;PLANTACAO;0.00;OFERTAS;ENTRADAS;ORDINÁRIO;REALIZADO
2024/07/29;PLANTACAO;-31.36;EVENTOS;SAÍDAS;EXTRAORDINÁRIO;REALIZADO
2024/07/30;PLANTACAO;-2000.00;ALUGUEL;SAÍDAS;ORDINÁRIO;REALIZADO
2024/07/31;PLANTACAO;287.00;OFERTAS;ENTRADAS;ORDINÁRIO;REALIZADO
2024/07/31;PLANTACAO;685.00;OFERTAS;ENTRADAS;ORDINÁRIO;REALIZADO
2024/08/01;PLANTACAO;3000.00;IBNT;ENTRADAS;EXTRAORDINÁRIO;REALIZADO
2024/08/07;PLANTACAO;2050.00;OFERTAS;ENTRADAS;ORDINÁRIO;REALIZADO
2024/08/07;PLANTACAO;240.00;OFERTAS;ENTRADAS;ORDINÁRIO;REALIZADO
2024/08/14;PLANTACAO;3.30;OFERTAS;ENTRADAS;ORDINÁRIO;REALIZADO
2024/08/14;PLANTACAO;410.00;OFERTAS;ENTRADAS;ORDINÁRIO;REALIZADO
2024/08/21;PLANTACAO;160.00;OFERTAS;ENTRADAS;ORDINÁRIO;REALIZADO
2024/08/21;PLANTACAO;1180.00;OFERTAS;ENTRADAS;ORDINÁRIO;REALIZADO
2024/08/23;PLANTACAO;2000.00;ALUGUEL;ENTRADAS;EXTRAORDINÁRIO;REALIZADO
2024/08/26;PLANTACAO;-2000.00;ALUGUEL;SAÍDAS;ORDINÁRIO;REALIZADO
2024/08/28;PLANTACAO;100.00;OFERTAS;ENTRADAS;ORDINÁRIO;REALIZADO
2024/08/28;PLANTACAO;650.00;OFERTAS;ENTRADAS;ORDINÁRIO;REALIZADO
2024/09/01;PLANTACAO;1300.00;OFERTAS;ENTRADAS;ORDINÁRIO;REALIZADO
2024/09/01;PLANTACAO;3000.00;IBNT;ENTRADAS;EXTRAORDINÁRIO;REALIZADO
2024/09/02;PLANTACAO;-100.00;MISSÕES;SAÍDAS;ORDINÁRIO;REALIZADO
2024/09/02;PLANTACAO;-49.58;BOAS VINDAS;SAÍDAS;ORDINÁRIO;REALIZADO
2024/09/04;PLANTACAO;2079.00;OFERTAS;ENTRADAS;ORDINÁRIO;REALIZADO
2024/09/04;PLANTACAO;370.00;OFERTAS;ENTRADAS;ORDINÁRIO;REALIZADO
2024/09/09;PLANTACAO;100.01;EVENTOS;ENTRADAS;EXTRAORDINÁRIO;REALIZADO
2024/09/10;PLANTACAO;250.04;EVENTOS;ENTRADAS;EXTRAORDINÁRIO;REALIZADO
2024/09/11;PLANTACAO;390.00;OFERTAS;ENTRADAS;ORDINÁRIO;REALIZADO
2024/09/11;PLANTACAO;165.00;OFERTAS;ENTRADAS;ORDINÁRIO;REALIZADO
2024/09/16;PLANTACAO;100.01;EVENTOS;ENTRADAS;EXTRAORDINÁRIO;REALIZADO
2024/09/18;PLANTACAO;651.00;OFERTAS;ENTRADAS;ORDINÁRIO;REALIZADO
2024/09/18;PLANTACAO;534.00;OFERTAS;ENTRADAS;ORDINÁRIO;REALIZADO
2024/09/19;PLANTACAO;120.02;EVENTOS;ENTRADAS;EXTRAORDINÁRIO;REALIZADO
2024/09/20;PLANTACAO;2500.00;ALUGUEL;ENTRADAS;EXTRAORDINÁRIO;REALIZADO
2024/09/25;PLANTACAO;100.00;OFERTAS;ENTRADAS;ORDINÁRIO;REALIZADO
2024/09/25;PLANTACAO;1950.00;OFERTAS;ENTRADAS;ORDINÁRIO;REALIZADO
2024/09/26;PLANTACAO;-4000.00;COMUNICAÇÃO;SAÍDAS;ORDINÁRIO;REALIZADO
2024/09/26;PLANTACAO;-2500.00;ALUGUEL;SAÍDAS;ORDINÁRIO;REALIZADO
2024/10/01;PLANTACAO;-100.00;MISSÕES;SAÍDAS;ORDINÁRIO;REALIZADO
2024/10/01;PLANTACAO;3000.00;IBNT;ENTRADAS;EXTRAORDINÁRIO;REALIZADO
2024/10/02;PLANTACAO;360.00;OFERTAS;ENTRADAS;ORDINÁRIO;REALIZADO
2024/10/02;SUBMERSO;511.27;OFERTAS;ENTRADAS;ORDINÁRIO;REALIZADO
2024/10/02;PLANTACAO;40.00;OFERTAS;ENTRADAS;ORDINÁRIO;REALIZADO
2024/10/02;PLANTACAO;215.00;OFERTAS;ENTRADAS;ORDINÁRIO;REALIZADO
2024/10/02;PLANTACAO;-83160.00;FINANCEIRO;ENTRE CONTAS;ORDINÁRIO;REALIZADO
2024/10/02;IBNT;83160.00;FINANCEIRO;ENTRE CONTAS;ORDINÁRIO;REALIZADO
2024/10/08;SUBMERSO;250.00;EVENTOS;ENTRADAS;EXTRAORDINÁRIO;REALIZADO
2024/10/09;SUBMERSO;2944.99;OFERTAS;ENTRADAS;ORDINÁRIO;REALIZADO
2024/10/09;PLANTACAO;-25.00;EVENTOS;SAÍDAS;EXTRAORDINÁRIO;REALIZADO
2024/10/09;PLANTACAO;-600.00;FINANCEIRO;SAÍDAS;ORDINÁRIO;REALIZADO
2024/10/12;PLANTACAO;-45.96;EVENTOS;SAÍDAS;EXTRAORDINÁRIO;REALIZADO
2024/10/12;PLANTACAO;-147.11;EVENTOS;SAÍDAS;EXTRAORDINÁRIO;REALIZADO
2024/10/14;PLANTACAO;-67.50;INFANTIL;SAÍDAS;ORDINÁRIO;REALIZADO
2024/10/16;SUBMERSO;280.00;OFERTAS;ENTRADAS;ORDINÁRIO;REALIZADO
2024/10/16;PLANTACAO;50.00;OFERTAS;ENTRADAS;ORDINÁRIO;REALIZADO
2024/10/16;PLANTACAO;100.00;OFERTAS;ENTRADAS;ORDINÁRIO;REALIZADO
2024/10/21;SUBMERSO;2000.00;ALUGUEL;ENTRADAS;EXTRAORDINÁRIO;REALIZADO
2024/10/22;SUBMERSO;-194.04;EVENTOS;SAÍDAS;EXTRAORDINÁRIO;REALIZADO
2024/10/23;SUBMERSO;440.00;OFERTAS;ENTRADAS;ORDINÁRIO;REALIZADO
2024/10/23;PLANTACAO;190.00;OFERTAS;ENTRADAS;ORDINÁRIO;REALIZADO
2024/10/28;SUBMERSO;-2000.00;ALUGUEL;SAÍDAS;ORDINÁRIO;REALIZADO
2024/10/30;PLANTACAO;235.00;OFERTAS;ENTRADAS;ORDINÁRIO;REALIZADO
2024/10/30;PLANTACAO;50.00;OFERTAS;ENTRADAS;ORDINÁRIO;REALIZADO
2024/10/30;PLANTACAO;-96.46;FINANCEIRO;SAÍDAS;ORDINÁRIO;REALIZADO
2024/10/30;SUBMERSO;300.00;OFERTAS;ENTRADAS;ORDINÁRIO;REALIZADO
2024/11/04;PLANTACAO;-100.00;MISSÕES;SAÍDAS;ORDINÁRIO;REALIZADO
2024/11/06;PLANTACAO;90.00;OFERTAS;ENTRADAS;ORDINÁRIO;REALIZADO
2024/11/06;SUBMERSO;2100.00;OFERTAS;ENTRADAS;ORDINÁRIO;REALIZADO
2024/11/06;PLANTACAO;50.00;OFERTAS;ENTRADAS;ORDINÁRIO;REALIZADO
2024/11/13;PLANTACAO;200.00;OFERTAS;ENTRADAS;ORDINÁRIO;REALIZADO
2024/11/13;SUBMERSO;1370.00;OFERTAS;ENTRADAS;ORDINÁRIO;REALIZADO
2024/11/14;PLANTACAO;-76.44;FINANCEIRO;SAÍDAS;ORDINÁRIO;REALIZADO
2024/11/18;PLANTACAO;-336.54;FINANCEIRO;SAÍDAS;ORDINÁRIO;REALIZADO
2024/11/20;SUBMERSO;1590.00;OFERTAS;ENTRADAS;ORDINÁRIO;REALIZADO
2024/11/20;SUBMERSO;150.01;EVENTOS;ENTRADAS;EXTRAORDINÁRIO;REALIZADO
2024/11/20;PLANTACAO;50.00;OFERTAS;ENTRADAS;ORDINÁRIO;REALIZADO
2024/11/20;SUBMERSO;50.01;EVENTOS;ENTRADAS;EXTRAORDINÁRIO;REALIZADO
2024/11/20;MPAGO;100.00;OFERTAS;ENTRADAS;ORDINÁRIO;REALIZADO
2024/11/24;SUBMERSO;265.08;EVENTOS;ENTRADAS;EXTRAORDINÁRIO;REALIZADO
2024/11/25;SUBMERSO;1500.00;ALUGUEL;ENTRADAS;EXTRAORDINÁRIO;REALIZADO
2024/11/25;SUBMERSO;3000.00;IBNT;ENTRADAS;EXTRAORDINÁRIO;REALIZADO
2024/11/25;SUBMERSO;-1500.00;ALUGUEL;SAÍDAS;ORDINÁRIO;REALIZADO
2024/11/27;SUBMERSO;645.07;EVENTOS;ENTRADAS;EXTRAORDINÁRIO;REALIZADO
2024/11/27;SUBMERSO;150.00;OFERTAS;ENTRADAS;ORDINÁRIO;REALIZADO
2024/11/27;PLANTACAO;50.00;OFERTAS;ENTRADAS;ORDINÁRIO;REALIZADO
2024/11/27;MPAGO;272.00;OFERTAS;ENTRADAS;ORDINÁRIO;REALIZADO
2024/11/29;MPAGO;-600.00;FINANCEIRO;SAÍDAS;ORDINÁRIO;REALIZADO
2024/11/29;MPAGO;-190.00;FINANCEIRO;SAÍDAS;ORDINÁRIO;REALIZADO
2025/12/30;MPAGO;-400.00;FINANCEIRO;SAÍDAS;ORDINÁRIO;REALIZADO
2024/12/01;SUBMERSO;765.07;EVENTOS;ENTRADAS;EXTRAORDINÁRIO;REALIZADO
2024/12/02;MPAGO;-100.00;MISSÕES;SAÍDAS;ORDINÁRIO;REALIZADO
2024/12/02;SUBMERSO;3000.00;IBNT;ENTRADAS;EXTRAORDINÁRIO;REALIZADO
2024/12/04;MPAGO;350.00;OFERTAS;ENTRADAS;ORDINÁRIO;REALIZADO
2024/12/05;MPAGO;-40.00;COMUNICAÇÃO;SAÍDAS;ORDINÁRIO;REALIZADO
2024/12/07;SUBMERSO;250.00;OFERTAS;ENTRADAS;ORDINÁRIO;REALIZADO
2024/12/08;SUBMERSO;955.18;EVENTOS;ENTRADAS;EXTRAORDINÁRIO;REALIZADO
2024/12/10;SUBMERSO;500.00;OFERTAS;ENTRADAS;ORDINÁRIO;REALIZADO
2024/12/11;SUBMERSO;840.00;OFERTAS;ENTRADAS;ORDINÁRIO;REALIZADO
2024/12/11;PLANTACAO;50.00;OFERTAS;ENTRADAS;ORDINÁRIO;REALIZADO
2024/12/11;MPAGO;155.00;OFERTAS;ENTRADAS;ORDINÁRIO;REALIZADO
2024/12/13;SUBMERSO;195.04;EVENTOS;ENTRADAS;EXTRAORDINÁRIO;REALIZADO
2024/12/13;MPAGO;-345.00;EVENTOS;SAÍDAS;EXTRAORDINÁRIO;REALIZADO
2024/12/13;MPAGO;-299.14;EVENTOS;SAÍDAS;EXTRAORDINÁRIO;REALIZADO
2024/12/15;MPAGO;-620.67;EVENTOS;SAÍDAS;EXTRAORDINÁRIO;REALIZADO
2024/12/16;MPAGO;-556.00;LOUVOR;SAÍDAS;ORDINÁRIO;REALIZADO
2024/12/16;MPAGO;-580.20;LOUVOR;SAÍDAS;ORDINÁRIO;REALIZADO
2024/12/16;MPAGO;-18000.00;FINANCEIRO;ENTRE CONTAS;ORDINÁRIO;REALIZADO
2024/12/16;AP.MPAGO;18000.00;FINANCEIRO;ENTRE CONTAS;ORDINÁRIO;REALIZADO
2024/12/17;MPAGO;-71.62;EVENTOS;SAÍDAS;EXTRAORDINÁRIO;REALIZADO
2024/12/17;MPAGO;-110.07;EVENTOS;SAÍDAS;EXTRAORDINÁRIO;REALIZADO
2024/12/18;SUBMERSO;1350.73;OFERTAS;ENTRADAS;ORDINÁRIO;REALIZADO
2024/12/18;MPAGO;350.00;OFERTAS;ENTRADAS;ORDINÁRIO;REALIZADO
2024/12/19;MPAGO;-96.00;EVENTOS;SAÍDAS;EXTRAORDINÁRIO;REALIZADO
2024/12/20;SUBMERSO;2500.00;ALUGUEL;ENTRADAS;EXTRAORDINÁRIO;REALIZADO
2024/12/20;SUBMERSO;500.00;OFERTAS;ENTRADAS;ORDINÁRIO;REALIZADO
2024/12/23;SUBMERSO;440.00;OFERTAS;ENTRADAS;ORDINÁRIO;REALIZADO
2024/12/23;MPAGO;-2000.00;ALUGUEL;SAÍDAS;ORDINÁRIO;REALIZADO
2024/12/23;MPAGO;-347.98;EVENTOS;SAÍDAS;EXTRAORDINÁRIO;REALIZADO
2024/12/31;AP.MPAGO;31.84;FINANCEIRO;ENTRADAS;EXTRAORDINÁRIO;REALIZADO
2024/12/31;SUBMERSO;-25148.41;FINANCEIRO;ENTRE CONTAS;ORDINÁRIO;REALIZADO
2024/12/31;MPAGO;25148.41;FINANCEIRO;ENTRE CONTAS;ORDINÁRIO;REALIZADO
2024/12/31;PLANTACAO;-694.55;FINANCEIRO;ENTRE CONTAS;ORDINÁRIO;REALIZADO
2024/12/31;MPAGO;694.55;FINANCEIRO;ENTRE CONTAS;ORDINÁRIO;REALIZADO
2025/12/18;AP.MPAGO;-400.00;FINANCEIRO;ENTRE CONTAS;ORDINÁRIO;REALIZADO
2025/01/02;MPAGO;-100.00;MISSÕES;SAÍDAS;ORDINÁRIO;REALIZADO
2025/01/02;IBNT;-83160.00;FINANCEIRO;ENTRE CONTAS;ORDINÁRIO;REALIZADO
2025/01/02;SICREDI;83160.00;FINANCEIRO;ENTRE CONTAS;ORDINÁRIO;REALIZADO
2025/01/02;SICREDI;-80000.00;FINANCEIRO;ENTRE CONTAS;ORDINÁRIO;REALIZADO
2025/01/02;AP.SICREDI;80000.00;FINANCEIRO;ENTRE CONTAS;ORDINÁRIO;REALIZADO
2025/01/03;SICREDI;-100.00;FINANCEIRO;SAÍDAS;ORDINÁRIO;REALIZADO
2025/12/18;MPAGO;400.00;FINANCEIRO;ENTRE CONTAS;ORDINÁRIO;REALIZADO
2025/01/08;SICREDI;2945.11;OFERTAS;ENTRADAS;ORDINÁRIO;REALIZADO
2025/12/18;MPAGO;-400.00;FINANCEIRO;SAÍDAS;ORDINÁRIO;REALIZADO
2025/01/08;AP.SICREDI;167.62;FINANCEIRO;ENTRADAS;EXTRAORDINÁRIO;REALIZADO
2025/01/08;AP.MPAGO;38.29;FINANCEIRO;ENTRADAS;EXTRAORDINÁRIO;REALIZADO
2025/01/08;SICREDI;-750.00;MISSÕES;SAÍDAS;EXTRAORDINÁRIO;REALIZADO
2025/01/13;SICREDI;3000.00;IBNT;ENTRADAS;EXTRAORDINÁRIO;REALIZADO
2025/01/15;SICREDI;960.00;OFERTAS;ENTRADAS;ORDINÁRIO;REALIZADO
2025/01/15;MPAGO;237.00;OFERTAS;ENTRADAS;ORDINÁRIO;REALIZADO
2025/01/20;SICREDI;-74.25;FINANCEIRO;SAÍDAS;ORDINÁRIO;REALIZADO
2025/01/20;SICREDI;2000.00;ALUGUEL;ENTRADAS;EXTRAORDINÁRIO;REALIZADO
2025/01/22;SICREDI;740.00;OFERTAS;ENTRADAS;ORDINÁRIO;REALIZADO
2025/01/22;MPAGO;220.00;OFERTAS;ENTRADAS;ORDINÁRIO;REALIZADO
2025/01/23;SICREDI;-100.00;CAPACITAÇÃO;SAÍDAS;EXTRAORDINÁRIO;REALIZADO
2025/01/28;SICREDI;-2000.00;ALUGUEL;SAÍDAS;ORDINÁRIO;REALIZADO
2025/01/29;MPAGO;150.00;OFERTAS;ENTRADAS;ORDINÁRIO;REALIZADO
2025/01/29;SICREDI;792.90;OFERTAS;ENTRADAS;ORDINÁRIO;REALIZADO
2025/01/29;MPAGO;220.00;OFERTAS;ENTRADAS;ORDINÁRIO;REALIZADO
2025/12/01;AP.MPAGO;-400.00;FINANCEIRO;ENTRE CONTAS;ORDINÁRIO;REALIZADO
2025/01/30;AP.MPAGO;130.91;FINANCEIRO;ENTRADAS;EXTRAORDINÁRIO;REALIZADO
2025/01/30;AP.SICREDI;577.80;FINANCEIRO;ENTRADAS;EXTRAORDINÁRIO;REALIZADO
2025/02/01;AP.SICREDI;109.33;FINANCEIRO;ENTRADAS;EXTRAORDINÁRIO;REALIZADO
2025/02/03;MPAGO;-500.00;MISSÕES;SAÍDAS;EXTRAORDINÁRIO;REALIZADO
2025/02/03;MPAGO;-100.00;MISSÕES;SAÍDAS;ORDINÁRIO;REALIZADO
2025/02/05;MPAGO;50.00;OFERTAS;ENTRADAS;ORDINÁRIO;REALIZADO
2025/02/05;SICREDI;1429.00;OFERTAS;ENTRADAS;ORDINÁRIO;REALIZADO
2025/02/05;MPAGO;14.00;OFERTAS;ENTRADAS;ORDINÁRIO;REALIZADO
2025/02/05;MPAGO;-46.36;BOAS VINDAS;SAÍDAS;ORDINÁRIO;REALIZADO
2025/02/06;SICREDI;-136.00;MISSÕES;SAÍDAS;EXTRAORDINÁRIO;REALIZADO
2025/02/07;SICREDI;-30.00;MISSÕES;SAÍDAS;EXTRAORDINÁRIO;REALIZADO
2025/02/07;SICREDI;-121.62;MISSÕES;SAÍDAS;EXTRAORDINÁRIO;REALIZADO
2025/02/07;SICREDI;-126.92;MISSÕES;SAÍDAS;EXTRAORDINÁRIO;REALIZADO
2025/02/07;SICREDI;-41.80;MISSÕES;SAÍDAS;EXTRAORDINÁRIO;REALIZADO
2025/02/07;SICREDI;-42.80;MISSÕES;SAÍDAS;EXTRAORDINÁRIO;REALIZADO
2025/02/08;SICREDI;-136.00;MISSÕES;SAÍDAS;EXTRAORDINÁRIO;REALIZADO
2025/02/10;SICREDI;190.00;OFERTAS;ENTRADAS;ORDINÁRIO;REALIZADO
2025/02/10;SICREDI;-100.00;FINANCEIRO;SAÍDAS;ORDINÁRIO;REALIZADO
2025/02/12;MPAGO;652.00;OFERTAS;ENTRADAS;ORDINÁRIO;REALIZADO
2025/02/12;SICREDI;1080.00;OFERTAS;ENTRADAS;ORDINÁRIO;REALIZADO
2025/02/17;SICREDI;-10000.00;FINANCEIRO;ENTRE CONTAS;ORDINÁRIO;REALIZADO
2025/02/17;AP.SICREDI;10000.00;FINANCEIRO;ENTRE CONTAS;ORDINÁRIO;REALIZADO
2025/02/19;SICREDI;200.00;OFERTAS;ENTRADAS;ORDINÁRIO;REALIZADO
2025/02/19;SICREDI;580.00;OFERTAS;ENTRADAS;ORDINÁRIO;REALIZADO
2025/02/20;SICREDI;2000.00;ALUGUEL;ENTRADAS;EXTRAORDINÁRIO;REALIZADO
2025/02/20;SICREDI;-74.25;FINANCEIRO;SAÍDAS;ORDINÁRIO;REALIZADO
2025/02/20;SICREDI;-295.00;LOUVOR;SAÍDAS;ORDINÁRIO;REALIZADO
2025/02/21;AP.SICREDI;420.20;FINANCEIRO;ENTRADAS;EXTRAORDINÁRIO;REALIZADO
2025/02/21;SICREDI;3000.00;IBNT;ENTRADAS;EXTRAORDINÁRIO;REALIZADO
2025/02/24;SICREDI;-2000.00;ALUGUEL;SAÍDAS;ORDINÁRIO;REALIZADO
2025/02/26;MPAGO;200.00;OFERTAS;ENTRADAS;ORDINÁRIO;REALIZADO
2025/02/26;SICREDI;800.00;OFERTAS;ENTRADAS;ORDINÁRIO;REALIZADO
2025/12/01;MPAGO;400.00;FINANCEIRO;ENTRE CONTAS;ORDINÁRIO;REALIZADO
2025/02/28;AP.MPAGO;111.64;FINANCEIRO;ENTRADAS;EXTRAORDINÁRIO;REALIZADO
2025/02/28;AP.SICREDI;247.35;FINANCEIRO;ENTRADAS;EXTRAORDINÁRIO;REALIZADO
2025/03/05;MPAGO;310.60;OFERTAS;ENTRADAS;ORDINÁRIO;REALIZADO
2025/03/05;SICREDI;1665.55;OFERTAS;ENTRADAS;ORDINÁRIO;REALIZADO
2025/03/07;MPAGO;-4000.00;FINANCEIRO;ENTRE CONTAS;ORDINÁRIO;REALIZADO
2025/03/07;AP.MPAGO;4000.00;FINANCEIRO;ENTRE CONTAS;ORDINÁRIO;REALIZADO
2025/03/07;AP.MPAGO;21.04;FINANCEIRO;ENTRADAS;EXTRAORDINÁRIO;REALIZADO
2025/03/07;MPAGO;-100.00;MISSÕES;SAÍDAS;ORDINÁRIO;REALIZADO
2025/03/07;AP.SICREDI;82.59;FINANCEIRO;ENTRADAS;EXTRAORDINÁRIO;REALIZADO
2025/03/07;SICREDI;3000.00;IBNT;ENTRADAS;EXTRAORDINÁRIO;REALIZADO
2025/03/10;SICREDI;-100.00;FINANCEIRO;SAÍDAS;ORDINÁRIO;REALIZADO
2025/03/12;SICREDI;1670.00;OFERTAS;ENTRADAS;ORDINÁRIO;REALIZADO
2025/03/12;MPAGO;554.00;OFERTAS;ENTRADAS;ORDINÁRIO;REALIZADO
2025/03/13;AP.SICREDI;165.42;FINANCEIRO;ENTRADAS;EXTRAORDINÁRIO;REALIZADO
2025/03/13;AP.MPAGO;34.17;FINANCEIRO;ENTRADAS;EXTRAORDINÁRIO;REALIZADO
2025/03/19;SICREDI;2500.00;ALUGUEL;ENTRADAS;EXTRAORDINÁRIO;REALIZADO
2025/03/19;SICREDI;1081.00;OFERTAS;ENTRADAS;ORDINÁRIO;REALIZADO
2025/03/19;MPAGO;300.00;OFERTAS;ENTRADAS;ORDINÁRIO;REALIZADO
2025/03/20;SICREDI;-74.25;FINANCEIRO;SAÍDAS;ORDINÁRIO;REALIZADO
2025/03/23;SICREDI;-1000.00;COMUNICAÇÃO;SAÍDAS;ORDINÁRIO;REALIZADO
2025/11/30;MPAGO;-400.00;FINANCEIRO;SAÍDAS;ORDINÁRIO;REALIZADO
2025/03/24;SICREDI;-2000.00;ALUGUEL;SAÍDAS;ORDINÁRIO;REALIZADO
2025/03/24;SICREDI;-135.90;COMUNICAÇÃO;SAÍDAS;ORDINÁRIO;REALIZADO
2025/03/26;SICREDI;2130.00;OFERTAS;ENTRADAS;ORDINÁRIO;REALIZADO
2025/03/26;MPAGO;202.00;OFERTAS;ENTRADAS;ORDINÁRIO;REALIZADO
2025/03/31;AP.MPAGO;107.22;FINANCEIRO;ENTRADAS;EXTRAORDINÁRIO;REALIZADO
2025/03/31;AP.SICREDI;563.40;FINANCEIRO;ENTRADAS;EXTRAORDINÁRIO;REALIZADO
2025/04/01;MPAGO;-100.00;MISSÕES;SAÍDAS;ORDINÁRIO;REALIZADO
2025/04/01;SICREDI;9108.00;IBNT;ENTRADAS;EXTRAORDINÁRIO;REALIZADO
2025/04/02;SICREDI;1565.00;OFERTAS;ENTRADAS;ORDINÁRIO;REALIZADO
2025/04/02;MPAGO;276.00;OFERTAS;ENTRADAS;ORDINÁRIO;REALIZADO
2025/04/07;SICREDI;800.00;OFERTAS;ENTRADAS;ORDINÁRIO;REALIZADO
2025/04/08;SICREDI;-9746.76;PREBENDA BRUTA;SAÍDAS;ORDINÁRIO;REALIZADO
2025/04/09;SICREDI;3648.88;OFERTAS;ENTRADAS;ORDINÁRIO;REALIZADO
2025/04/09;MPAGO;50.00;OFERTAS;ENTRADAS;ORDINÁRIO;REALIZADO
2025/04/09;MPAGO;506.35;OFERTAS;ENTRADAS;ORDINÁRIO;REALIZADO
2025/04/10;SICREDI;-100.00;FINANCEIRO;SAÍDAS;ORDINÁRIO;REALIZADO
2025/04/14;SICREDI;-2245.44;PREBENDA BRUTA;SAÍDAS;ORDINÁRIO;REALIZADO
2025/04/16;SICREDI;950.00;OFERTAS;ENTRADAS;ORDINÁRIO;REALIZADO
2025/04/17;SICREDI;3825.00;ALUGUEL;ENTRADAS;EXTRAORDINÁRIO;REALIZADO
2025/04/22;SICREDI;-3825.00;ALUGUEL;SAÍDAS;ORDINÁRIO;REALIZADO
2025/04/22;SICREDI;-74.25;FINANCEIRO;SAÍDAS;ORDINÁRIO;REALIZADO
2025/04/22;SICREDI;140.00;OFERTAS;ENTRADAS;ORDINÁRIO;REALIZADO
2025/04/23;MPAGO;-1109.63;FINANCEIRO;ENTRE CONTAS;ORDINÁRIO;REALIZADO
2025/04/23;AP.MPAGO;1109.63;FINANCEIRO;ENTRE CONTAS;ORDINÁRIO;REALIZADO
2025/04/23;SICREDI;1110.00;OFERTAS;ENTRADAS;ORDINÁRIO;REALIZADO
2025/04/23;MPAGO;150.00;OFERTAS;ENTRADAS;ORDINÁRIO;REALIZADO
2025/04/25;SICREDI;-550.00;LOUVOR;SAÍDAS;ORDINÁRIO;REALIZADO
2025/04/28;SICREDI;10.00;OFERTAS;ENTRADAS;ORDINÁRIO;REALIZADO
2025/10/29;MPAGO;-400.00;FINANCEIRO;SAÍDAS;ORDINÁRIO;REALIZADO
2025/04/30;AP.MPAGO;190.30;FINANCEIRO;ENTRADAS;EXTRAORDINÁRIO;REALIZADO
2025/04/30;AP.SICREDI;896.55;FINANCEIRO;ENTRADAS;EXTRAORDINÁRIO;REALIZADO
2025/05/01;MPAGO;-100.00;MISSÕES;SAÍDAS;ORDINÁRIO;REALIZADO
2025/05/04;MPAGO;-51.18;BOAS VINDAS;SAÍDAS;ORDINÁRIO;REALIZADO
2025/05/04;MPAGO;254.00;OFERTAS;ENTRADAS;ORDINÁRIO;REALIZADO
2025/05/05;SICREDI;9108.00;IBNT;ENTRADAS;EXTRAORDINÁRIO;REALIZADO
2025/05/05;SICREDI;670.00;OFERTAS;ENTRADAS;ORDINÁRIO;REALIZADO
2025/05/06;SICREDI;-79.00;INFANTIL;SAÍDAS;ORDINÁRIO;REALIZADO
2025/05/07;SICREDI;-9746.76;PREBENDA BRUTA;SAÍDAS;ORDINÁRIO;REALIZADO
2025/05/08;SICREDI;2550.00;OFERTAS;ENTRADAS;ORDINÁRIO;REALIZADO
2025/05/08;SICREDI;100.00;EVENTOS;ENTRADAS;EXTRAORDINÁRIO;REALIZADO
2025/05/10;MPAGO;-54.90;INFANTIL;SAÍDAS;ORDINÁRIO;REALIZADO
2025/05/11;MPAGO;564.25;OFERTAS;ENTRADAS;ORDINÁRIO;REALIZADO
2025/05/12;SICREDI;2165.00;OFERTAS;ENTRADAS;ORDINÁRIO;REALIZADO
2025/05/12;SICREDI;-100.00;FINANCEIRO;SAÍDAS;ORDINÁRIO;REALIZADO
2025/05/13;MPAGO;-1000.00;FINANCEIRO;ENTRE CONTAS;ORDINÁRIO;REALIZADO
2025/05/13;AP.MPAGO;1000.00;FINANCEIRO;ENTRE CONTAS;ORDINÁRIO;REALIZADO
2025/05/14;MPAGO;-54.92;EVENTOS;SAÍDAS;EXTRAORDINÁRIO;REALIZADO
2025/05/14;MPAGO;-41.50;EVENTOS;SAÍDAS;EXTRAORDINÁRIO;REALIZADO
2025/05/18;SICREDI;1010.00;OFERTAS;ENTRADAS;ORDINÁRIO;REALIZADO
2025/05/18;MPAGO;254.50;OFERTAS;ENTRADAS;ORDINÁRIO;REALIZADO
2025/05/20;SICREDI;-74.25;FINANCEIRO;SAÍDAS;ORDINÁRIO;REALIZADO
2025/05/20;SICREDI;3825.00;ALUGUEL;ENTRADAS;EXTRAORDINÁRIO;REALIZADO
2025/05/20;SICREDI;-2245.44;PREBENDA BRUTA;SAÍDAS;ORDINÁRIO;REALIZADO
2025/05/25;MPAGO;224.50;OFERTAS;ENTRADAS;ORDINÁRIO;REALIZADO
2025/05/25;SICREDI;1370.15;OFERTAS;ENTRADAS;ORDINÁRIO;REALIZADO
2025/05/26;SICREDI;-3825.00;ALUGUEL;SAÍDAS;ORDINÁRIO;REALIZADO
2025/09/30;SICREDI;-400.00;FINANCEIRO;SAÍDAS;ORDINÁRIO;REALIZADO
2025/05/30;AP.MPAGO;229.02;FINANCEIRO;ENTRADAS;EXTRAORDINÁRIO;REALIZADO
2025/05/30;AP.SICREDI;976.30;FINANCEIRO;ENTRADAS;EXTRAORDINÁRIO;REALIZADO
2025/06/01;SICREDI;1600.00;OFERTAS;ENTRADAS;ORDINÁRIO;REALIZADO
2025/06/01;SICREDI;9108.00;IBNT;ENTRADAS;EXTRAORDINÁRIO;REALIZADO
2025/06/01;MPAGO;324.00;OFERTAS;ENTRADAS;ORDINÁRIO;REALIZADO
2025/06/02;MPAGO;-100.00;MISSÕES;SAÍDAS;ORDINÁRIO;REALIZADO
2025/06/02;MPAGO;-1000.00;FINANCEIRO;ENTRE CONTAS;ORDINÁRIO;REALIZADO
2025/06/02;AP.MPAGO;1000.00;FINANCEIRO;ENTRE CONTAS;ORDINÁRIO;REALIZADO
2025/06/02;MPAGO;-79.00;INFANTIL;SAÍDAS;ORDINÁRIO;REALIZADO
2025/06/05;SICREDI;-9746.76;PREBENDA BRUTA;SAÍDAS;ORDINÁRIO;REALIZADO
2025/06/08;MPAGO;787.00;OFERTAS;ENTRADAS;ORDINÁRIO;REALIZADO
2025/06/08;SICREDI;3980.00;OFERTAS;ENTRADAS;ORDINÁRIO;REALIZADO
2025/06/15;MPAGO;370.80;OFERTAS;ENTRADAS;ORDINÁRIO;REALIZADO
2025/06/15;SICREDI;1050.00;OFERTAS;ENTRADAS;ORDINÁRIO;REALIZADO
2025/06/15;MPAGO;-27.98;LOUVOR;SAÍDAS;ORDINÁRIO;REALIZADO
2025/06/16;SICREDI;-2245.44;PREBENDA BRUTA;SAÍDAS;ORDINÁRIO;REALIZADO
2025/06/18;MPAGO;-49.97;SOCIAL;SAÍDAS;ORDINÁRIO;REALIZADO
2025/06/20;SICREDI;-74.25;FINANCEIRO;SAÍDAS;ORDINÁRIO;REALIZADO
2025/06/22;MPAGO;255.00;OFERTAS;ENTRADAS;ORDINÁRIO;REALIZADO
2025/06/22;SICREDI;970.00;OFERTAS;ENTRADAS;ORDINÁRIO;REALIZADO
2025/06/22;SICREDI;3000.00;CAMPANHAS;ENTRADAS;EXTRAORDINÁRIO;REALIZADO
2025/06/24;MPAGO;-1000.00;FINANCEIRO;ENTRE CONTAS;ORDINÁRIO;REALIZADO
2025/06/24;AP.MPAGO;1000.00;FINANCEIRO;ENTRE CONTAS;ORDINÁRIO;REALIZADO
2025/06/24;SICREDI;-3825.00;ALUGUEL;SAÍDAS;ORDINÁRIO;REALIZADO
2025/06/26;SICREDI;3825.00;ALUGUEL;ENTRADAS;EXTRAORDINÁRIO;REALIZADO
2025/06/27;AP.MPAGO;254.89;FINANCEIRO;ENTRADAS;EXTRAORDINÁRIO;REALIZADO
2025/06/27;AP.SICREDI;1094.90;FINANCEIRO;ENTRADAS;EXTRAORDINÁRIO;REALIZADO
2025/06/29;MPAGO;232.50;OFERTAS;ENTRADAS;ORDINÁRIO;REALIZADO
2025/06/29;SICREDI;2749.00;OFERTAS;ENTRADAS;ORDINÁRIO;REALIZADO
2025/08/26;SICREDI;-400.00;FINANCEIRO;SAÍDAS;ORDINÁRIO;REALIZADO
2025/07/01;MPAGO;-79.00;INFANTIL;SAÍDAS;ORDINÁRIO;REALIZADO
2025/07/01;MPAGO;-100.00;MISSÕES;SAÍDAS;ORDINÁRIO;REALIZADO
2025/07/01;SICREDI;6000.00;IBNT;ENTRADAS;EXTRAORDINÁRIO;REALIZADO
2025/07/06;MPAGO;428.50;OFERTAS;ENTRADAS;ORDINÁRIO;REALIZADO
2025/07/06;SICREDI;2651.00;OFERTAS;ENTRADAS;ORDINÁRIO;REALIZADO
2025/07/08;SICREDI;-9746.76;PREBENDA BRUTA;SAÍDAS;ORDINÁRIO;REALIZADO
2025/07/11;MPAGO;-28.49;BOAS VINDAS;SAÍDAS;ORDINÁRIO;REALIZADO
2025/07/13;MPAGO;200.00;OFERTAS;ENTRADAS;ORDINÁRIO;REALIZADO
2025/07/14;SICREDI;2450.00;OFERTAS;ENTRADAS;ORDINÁRIO;REALIZADO
2025/07/15;SICREDI;-2245.44;PREBENDA BRUTA;SAÍDAS;ORDINÁRIO;REALIZADO
2025/07/15;MPAGO;-177.78;SOCIAL;SAÍDAS;ORDINÁRIO;REALIZADO
2025/07/15;SICREDI;100.00;SOCIAL;ENTRADAS;EXTRAORDINÁRIO;REALIZADO
2025/07/15;SICREDI;-20000.00;FINANCEIRO;ENTRE CONTAS;ORDINÁRIO;REALIZADO
2025/07/15;AP.SICREDI;20000.00;FINANCEIRO;ENTRE CONTAS;ORDINÁRIO;REALIZADO
2025/07/18;SICREDI;3000.00;CAMPANHAS;ENTRADAS;EXTRAORDINÁRIO;REALIZADO
2025/07/20;MPAGO;-198.96;INFANTIL;SAÍDAS;ORDINÁRIO;REALIZADO
2025/07/20;SICREDI;3970.00;OFERTAS;ENTRADAS;ORDINÁRIO;REALIZADO
2025/07/20;MPAGO;256.60;OFERTAS;ENTRADAS;ORDINÁRIO;REALIZADO
2025/07/21;SICREDI;-78.36;FINANCEIRO;SAÍDAS;ORDINÁRIO;REALIZADO
2025/07/22;SICREDI;-400.00;FINANCEIRO;SAÍDAS;ORDINÁRIO;REALIZADO
2025/07/22;SICREDI;-3825.00;ALUGUEL;SAÍDAS;ORDINÁRIO;REALIZADO
2025/07/22;SICREDI;3825.00;ALUGUEL;ENTRADAS;EXTRAORDINÁRIO;REALIZADO
2025/07/25;MPAGO;-424.80;INFANTIL;SAÍDAS;ORDINÁRIO;REALIZADO
2025/07/25;MPAGO;-33.95;INFANTIL;SAÍDAS;ORDINÁRIO;REALIZADO
2025/07/25;MPAGO;270.00;OFERTAS;ENTRADAS;ORDINÁRIO;REALIZADO
2025/07/25;SICREDI;-309.50;LOUVOR;SAÍDAS;ORDINÁRIO;REALIZADO
2025/07/27;SICREDI;1277.62;OFERTAS;ENTRADAS;ORDINÁRIO;REALIZADO
2025/07/27;MPAGO;574.35;OFERTAS;ENTRADAS;ORDINÁRIO;REALIZADO
2025/07/31;AP.MPAGO;305.74;FINANCEIRO;ENTRADAS;EXTRAORDINÁRIO;REALIZADO
2025/07/31;AP.SICREDI;1105.48;FINANCEIRO;ENTRADAS;EXTRAORDINÁRIO;REALIZADO
2025/08/01;SICREDI;6000.00;IBNT;ENTRADAS;EXTRAORDINÁRIO;REALIZADO
2025/08/03;SICREDI;3150.00;OFERTAS;ENTRADAS;ORDINÁRIO;REALIZADO
2025/08/03;MPAGO;415.00;OFERTAS;ENTRADAS;ORDINÁRIO;REALIZADO
2025/08/05;SICREDI;-79.00;INFANTIL;SAÍDAS;ORDINÁRIO;REALIZADO
2025/08/05;SICREDI;-100.00;MISSÕES;SAÍDAS;ORDINÁRIO;REALIZADO
2025/08/05;SICREDI;-9746.76;PREBENDA BRUTA;SAÍDAS;ORDINÁRIO;REALIZADO
2025/08/05;MPAGO;-1000.00;FINANCEIRO;ENTRE CONTAS;ORDINÁRIO;REALIZADO
2025/08/05;AP.MPAGO;1000.00;FINANCEIRO;ENTRE CONTAS;ORDINÁRIO;REALIZADO
2025/08/06;SICREDI;3000.00;CAMPANHAS;ENTRADAS;EXTRAORDINÁRIO;REALIZADO
2025/08/10;MPAGO;410.00;OFERTAS;ENTRADAS;ORDINÁRIO;REALIZADO
2025/08/10;SICREDI;2216.00;OFERTAS;ENTRADAS;ORDINÁRIO;REALIZADO
2025/08/10;MPAGO;-9.98;BOAS VINDAS;SAÍDAS;ORDINÁRIO;REALIZADO
2025/08/11;MPAGO;-10.70;SOCIAL;SAÍDAS;ORDINÁRIO;REALIZADO
2025/08/13;MPAGO;-200.00;EVENTOS;SAÍDAS;EXTRAORDINÁRIO;REALIZADO
2025/08/14;MPAGO;-36.00;INFANTIL;SAÍDAS;ORDINÁRIO;REALIZADO
2025/08/17;SICREDI;1260.00;OFERTAS;ENTRADAS;ORDINÁRIO;REALIZADO
2025/08/17;MPAGO;415.00;OFERTAS;ENTRADAS;ORDINÁRIO;REALIZADO
2025/08/17;MPAGO;-171.56;BOAS VINDAS;SAÍDAS;ORDINÁRIO;REALIZADO
2025/08/18;SICREDI;-2245.44;PREBENDA BRUTA;SAÍDAS;ORDINÁRIO;REALIZADO
2025/08/20;SICREDI;-78.36;FINANCEIRO;SAÍDAS;ORDINÁRIO;REALIZADO
2025/08/22;SICREDI;3825.00;ALUGUEL;ENTRADAS;EXTRAORDINÁRIO;REALIZADO
2025/08/24;SICREDI;810.00;OFERTAS;ENTRADAS;ORDINÁRIO;REALIZADO
2025/08/24;MPAGO;424.00;OFERTAS;ENTRADAS;ORDINÁRIO;REALIZADO
2025/08/26;SICREDI;-3825.00;ALUGUEL;SAÍDAS;ORDINÁRIO;REALIZADO
2025/06/30;MPAGO;-400.00;FINANCEIRO;SAÍDAS;ORDINÁRIO;REALIZADO
2025/08/31;SICREDI;2873.02;OFERTAS;ENTRADAS;ORDINÁRIO;REALIZADO
2025/08/31;AP.SICREDI;1248.52;FINANCEIRO;ENTRADAS;EXTRAORDINÁRIO;REALIZADO
2025/08/31;AP.MPAGO;278.56;FINANCEIRO;ENTRADAS;EXTRAORDINÁRIO;REALIZADO
2025/08/31;MPAGO;450.00;OFERTAS;ENTRADAS;ORDINÁRIO;REALIZADO
2025/09/01;SICREDI;6000.00;IBNT;ENTRADAS;EXTRAORDINÁRIO;REALIZADO
2025/09/02;MPAGO;-100.00;MISSÕES;SAÍDAS;ORDINÁRIO;REALIZADO
2025/09/02;MPAGO;-79.00;INFANTIL;SAÍDAS;ORDINÁRIO;REALIZADO
2025/09/02;SICREDI;1000.00;OFERTAS;ENTRADAS;ORDINÁRIO;REALIZADO
2025/09/02;SICREDI;3000.00;CAMPANHAS;ENTRADAS;EXTRAORDINÁRIO;REALIZADO
2025/09/03;MPAGO;-105.00;PROJETOS;SAÍDAS;EXTRAORDINÁRIO;REALIZADO
2025/09/07;SICREDI;4430.00;OFERTAS;ENTRADAS;ORDINÁRIO;REALIZADO
2025/09/07;MPAGO;132.00;OFERTAS;ENTRADAS;ORDINÁRIO;REALIZADO
2025/09/07;SICREDI;-173.40;LOUVOR;SAÍDAS;ORDINÁRIO;REALIZADO
2025/09/09;SICREDI;-9746.76;PREBENDA BRUTA;SAÍDAS;ORDINÁRIO;REALIZADO
2025/09/12;SICREDI;-100.00;CAPACITAÇÃO;SAÍDAS;EXTRAORDINÁRIO;REALIZADO
2025/09/12;MPAGO;-247.48;CAPACITAÇÃO;SAÍDAS;EXTRAORDINÁRIO;REALIZADO
2025/09/12;MPAGO;-127.52;CAPACITAÇÃO;SAÍDAS;EXTRAORDINÁRIO;REALIZADO
2025/09/12;MPAGO;-691.98;CAPACITAÇÃO;SAÍDAS;EXTRAORDINÁRIO;REALIZADO
2025/09/14;MPAGO;250.00;OFERTAS;ENTRADAS;ORDINÁRIO;REALIZADO
2025/09/14;SICREDI;1328.00;OFERTAS;ENTRADAS;ORDINÁRIO;REALIZADO
2025/09/16;SICREDI;-2245.44;PREBENDA BRUTA;SAÍDAS;ORDINÁRIO;REALIZADO
2025/09/18;SICREDI;3825.00;ALUGUEL;ENTRADAS;EXTRAORDINÁRIO;REALIZADO
2025/09/19;AP.MPAGO;-206.26;LOUVOR;SAÍDAS;ORDINÁRIO;REALIZADO
2025/09/19;AP.MPAGO;-95.90;LOUVOR;SAÍDAS;ORDINÁRIO;REALIZADO
2025/09/19;AP.MPAGO;-330.88;LOUVOR;SAÍDAS;ORDINÁRIO;REALIZADO
2025/09/19;AP.MPAGO;-497.26;LOUVOR;SAÍDAS;ORDINÁRIO;REALIZADO
2025/09/19;AP.MPAGO;-674.00;LOUVOR;SAÍDAS;ORDINÁRIO;REALIZADO
2025/09/19;AP.MPAGO;-615.99;COMUNICAÇÃO;SAÍDAS;ORDINÁRIO;REALIZADO
2025/09/21;MPAGO;225.00;OFERTAS;ENTRADAS;ORDINÁRIO;REALIZADO
2025/09/21;SICREDI;1553.65;OFERTAS;ENTRADAS;ORDINÁRIO;REALIZADO
2025/09/22;SICREDI;-78.36;FINANCEIRO;SAÍDAS;ORDINÁRIO;REALIZADO
2025/09/23;SICREDI;-3825.00;ALUGUEL;SAÍDAS;ORDINÁRIO;REALIZADO
2025/09/26;AP.MPAGO;-374.99;EVENTOS;SAÍDAS;EXTRAORDINÁRIO;REALIZADO
2025/09/27;SICREDI;-180.20;LOUVOR;SAÍDAS;ORDINÁRIO;REALIZADO
2025/09/28;MPAGO;262.25;OFERTAS;ENTRADAS;ORDINÁRIO;REALIZADO
2025/09/28;SICREDI;1090.00;OFERTAS;ENTRADAS;ORDINÁRIO;REALIZADO
2025/09/29;MPAGO;-374.90;COMUNICAÇÃO;SAÍDAS;ORDINÁRIO;REALIZADO
2025/05/26;SICREDI;-400.00;FINANCEIRO;SAÍDAS;ORDINÁRIO;REALIZADO
2025/09/30;SICREDI;-100.00;MISSÕES;SAÍDAS;ORDINÁRIO;REALIZADO
2025/09/30;AP.SICREDI;1322.34;FINANCEIRO;ENTRADAS;EXTRAORDINÁRIO;REALIZADO
2025/09/30;AP.MPAGO;309.84;FINANCEIRO;ENTRADAS;EXTRAORDINÁRIO;REALIZADO
2025/10/01;SICREDI;4000.00;IBNT;ENTRADAS;EXTRAORDINÁRIO;REALIZADO
2025/10/02;SICREDI;150.00;EVENTOS;ENTRADAS;EXTRAORDINÁRIO;REALIZADO
2025/10/02;MPAGO;-90.00;EVENTOS;SAÍDAS;EXTRAORDINÁRIO;REALIZADO
2025/10/03;MPAGO;3000.00;CAMPANHAS;ENTRADAS;EXTRAORDINÁRIO;REALIZADO
2025/10/03;MPAGO;-117.32;COMUNICAÇÃO;SAÍDAS;ORDINÁRIO;REALIZADO
2025/10/05;SICREDI;6490.31;OFERTAS;ENTRADAS;ORDINÁRIO;REALIZADO
2025/10/05;MPAGO;1000.00;CAMPANHAS;ENTRADAS;EXTRAORDINÁRIO;REALIZADO
2025/10/05;MPAGO;250.00;OFERTAS;ENTRADAS;ORDINÁRIO;REALIZADO
2025/10/06;SICREDI;-79.00;INFANTIL;SAÍDAS;ORDINÁRIO;REALIZADO
2025/10/06;SICREDI;-9746.76;PREBENDA BRUTA;SAÍDAS;ORDINÁRIO;REALIZADO
2025/10/10;MPAGO;-320.00;PROJETOS;SAÍDAS;EXTRAORDINÁRIO;REALIZADO
2025/10/11;MPAGO;-375.00;PROJETOS;SAÍDAS;EXTRAORDINÁRIO;REALIZADO
2025/10/12;SICREDI;2100.00;OFERTAS;ENTRADAS;ORDINÁRIO;REALIZADO
2025/10/12;MPAGO;-300.00;CAPACITAÇÃO;SAÍDAS;EXTRAORDINÁRIO;REALIZADO
2025/10/12;MPAGO;535.00;OFERTAS;ENTRADAS;ORDINÁRIO;REALIZADO
2025/10/13;MPAGO;-360.00;PROJETOS;SAÍDAS;EXTRAORDINÁRIO;REALIZADO
2025/10/15;SICREDI;-2245.44;PREBENDA BRUTA;SAÍDAS;ORDINÁRIO;REALIZADO
2025/10/19;SICREDI;460.00;OFERTAS;ENTRADAS;ORDINÁRIO;REALIZADO
2025/10/19;MPAGO;-26.90;LOUVOR;SAÍDAS;ORDINÁRIO;REALIZADO
2025/10/19;MPAGO;251.25;OFERTAS;ENTRADAS;ORDINÁRIO;REALIZADO
2025/10/20;SICREDI;-78.36;FINANCEIRO;SAÍDAS;ORDINÁRIO;REALIZADO
2025/10/24;SICREDI;-230.00;LOUVOR;SAÍDAS;ORDINÁRIO;REALIZADO
2025/10/26;SICREDI;1250.00;OFERTAS;ENTRADAS;ORDINÁRIO;REALIZADO
2025/10/26;MPAGO;224.00;OFERTAS;ENTRADAS;ORDINÁRIO;REALIZADO
2025/10/28;SICREDI;-3825.00;ALUGUEL;SAÍDAS;ORDINÁRIO;REALIZADO
2025/04/29;SICREDI;-400.00;FINANCEIRO;SAÍDAS;ORDINÁRIO;REALIZADO
2025/10/30;AP.MPAGO;277.39;FINANCEIRO;ENTRADAS;EXTRAORDINÁRIO;REALIZADO
2025/10/30;AP.SICREDI;1398.34;FINANCEIRO;ENTRADAS;EXTRAORDINÁRIO;REALIZADO
2025/11/02;SICREDI;4000.00;IBNT;ENTRADAS;EXTRAORDINÁRIO;REALIZADO
2025/11/02;SICREDI;1965.00;OFERTAS;ENTRADAS;ORDINÁRIO;REALIZADO
2025/11/02;MPAGO;200.50;OFERTAS;ENTRADAS;ORDINÁRIO;REALIZADO
2025/11/03;MPAGO;3000.00;CAMPANHAS;ENTRADAS;EXTRAORDINÁRIO;REALIZADO
2025/11/03;MPAGO;-100.00;MISSÕES;SAÍDAS;ORDINÁRIO;REALIZADO
2025/11/03;MPAGO;-79.00;INFANTIL;SAÍDAS;ORDINÁRIO;REALIZADO
2025/11/05;MPAGO;-113.59;BOAS VINDAS;SAÍDAS;ORDINÁRIO;REALIZADO
2025/11/05;MPAGO;-159.20;BOAS VINDAS;SAÍDAS;ORDINÁRIO;REALIZADO
2025/11/05;SICREDI;2250.00;OFERTAS;ENTRADAS;ORDINÁRIO;REALIZADO
2025/11/08;MPAGO;-300.00;LOUVOR;SAÍDAS;EXTRAORDINÁRIO;REALIZADO
2025/11/09;MPAGO;600.00;OFERTAS;ENTRADAS;ORDINÁRIO;REALIZADO
2025/11/10;SICREDI;4718.50;OFERTAS;ENTRADAS;ORDINÁRIO;REALIZADO
2025/11/10;SICREDI;100.01;SOCIAL;ENTRADAS;EXTRAORDINÁRIO;REALIZADO
2025/11/10;MPAGO;-13.32;FINANCEIRO;SAÍDAS;ORDINÁRIO;REALIZADO
2025/11/11;MPAGO;-40.00;COMUNICAÇÃO;SAÍDAS;ORDINÁRIO;REALIZADO
2025/11/12;MPAGO;-65.11;LOUVOR;SAÍDAS;ORDINÁRIO;REALIZADO
2025/11/14;MPAGO;-300.00;CAPACITAÇÃO;SAÍDAS;EXTRAORDINÁRIO;REALIZADO
2025/11/16;SICREDI;1750.00;OFERTAS;ENTRADAS;ORDINÁRIO;REALIZADO
2025/11/16;MPAGO;210.80;OFERTAS;ENTRADAS;ORDINÁRIO;REALIZADO
2025/11/17;MPAGO;-2245.44;PREBENDA BRUTA;SAÍDAS;ORDINÁRIO;REALIZADO
2025/11/17;AP.MPAGO;-6000.00;FINANCEIRO;ENTRE CONTAS;ORDINÁRIO;REALIZADO
2025/11/17;MPAGO;6000.00;FINANCEIRO;ENTRE CONTAS;ORDINÁRIO;REALIZADO
2025/11/17;MPAGO;-9746.76;PREBENDA BRUTA;SAÍDAS;ORDINÁRIO;REALIZADO
2025/11/18;MPAGO;-119.70;LOUVOR;SAÍDAS;ORDINÁRIO;REALIZADO
2025/11/19;MPAGO;-26.90;LOUVOR;SAÍDAS;ORDINÁRIO;REALIZADO
2025/11/21;SICREDI;-78.36;FINANCEIRO;SAÍDAS;ORDINÁRIO;REALIZADO
2025/11/22;AP.MPAGO;-330.00;FINANCEIRO;ENTRE CONTAS;ORDINÁRIO;REALIZADO
2025/11/22;MPAGO;330.00;FINANCEIRO;ENTRE CONTAS;ORDINÁRIO;REALIZADO
2025/11/22;MPAGO;-330.00;LOUVOR;SAÍDAS;EXTRAORDINÁRIO;REALIZADO
2025/11/23;MPAGO;201.20;OFERTAS;ENTRADAS;ORDINÁRIO;REALIZADO
2025/11/23;MPAGO;20.30;OFERTAS;ENTRADAS;ORDINÁRIO;REALIZADO
2025/11/24;AP.MPAGO;-3825.00;FINANCEIRO;ENTRE CONTAS;ORDINÁRIO;REALIZADO
2025/11/24;MPAGO;3825.00;FINANCEIRO;ENTRE CONTAS;ORDINÁRIO;REALIZADO
2025/11/24;MPAGO;-3825.00;ALUGUEL;SAÍDAS;ORDINÁRIO;REALIZADO
2025/11/26;MPAGO;-190.00;FINANCEIRO;SAÍDAS;ORDINÁRIO;REALIZADO
2025/11/28;SICREDI;1950.00;OFERTAS;ENTRADAS;ORDINÁRIO;REALIZADO
2025/11/28;MPAGO;650.04;SOCIAL;ENTRADAS;EXTRAORDINÁRIO;REALIZADO
2025/11/29;MPAGO;-52.00;SOCIAL;SAÍDAS;EXTRAORDINÁRIO;REALIZADO
2025/11/29;MPAGO;-79.26;SOCIAL;SAÍDAS;EXTRAORDINÁRIO;REALIZADO
2025/11/29;MPAGO;-200.00;LOUVOR;SAÍDAS;EXTRAORDINÁRIO;REALIZADO
2025/11/30;AP.SICREDI;1167.54;FINANCEIRO;ENTRADAS;EXTRAORDINÁRIO;REALIZADO
2025/11/30;AP.MPAGO;213.71;FINANCEIRO;ENTRADAS;EXTRAORDINÁRIO;REALIZADO
2025/03/24;SICREDI;-400.00;FINANCEIRO;SAÍDAS;ORDINÁRIO;REALIZADO
2025/12/01;SICREDI;1780.00;OFERTAS;ENTRADAS;ORDINÁRIO;REALIZADO
2025/12/01;SICREDI;4000.00;IBNT;ENTRADAS;EXTRAORDINÁRIO;REALIZADO
2025/02/28;SICREDI;-400.00;FINANCEIRO;SAÍDAS;ORDINÁRIO;REALIZADO
2025/01/29;SICREDI;-400.00;FINANCEIRO;SAÍDAS;ORDINÁRIO;REALIZADO
2025/12/01;MPAGO;-100.00;MISSÕES;SAÍDAS;ORDINÁRIO;REALIZADO
2025/12/01;MPAGO;-79.00;INFANTIL;SAÍDAS;ORDINÁRIO;REALIZADO
2025/12/01;MPAGO;213.00;OFERTAS;ENTRADAS;ORDINÁRIO;REALIZADO
2025/12/01;MPAGO;10.00;OFERTAS;ENTRADAS;ORDINÁRIO;REALIZADO
2025/12/03;MPAGO;3000.00;CAMPANHAS;ENTRADAS;EXTRAORDINÁRIO;REALIZADO
2025/12/07;MPAGO;100.00;CAMPANHAS;ENTRADAS;EXTRAORDINÁRIO;REALIZADO
2025/12/07;MPAGO;0.00;OFERTAS;ENTRADAS;ORDINÁRIO;REALIZADO
2025/12/07;SICREDI;4083.00;OFERTAS;ENTRADAS;ORDINÁRIO;REALIZADO
2025/12/08;AP.MPAGO;-7000.00;FINANCEIRO;ENTRE CONTAS;ORDINÁRIO;REALIZADO
2025/12/08;MPAGO;7000.00;FINANCEIRO;ENTRE CONTAS;ORDINÁRIO;REALIZADO
2025/12/08;MPAGO;-9746.76;PREBENDA BRUTA;SAÍDAS;ORDINÁRIO;REALIZADO
2025/12/08;AP.MPAGO;-1000.00;FINANCEIRO;ENTRE CONTAS;ORDINÁRIO;REALIZADO
2025/12/08;MPAGO;1000.00;FINANCEIRO;ENTRE CONTAS;ORDINÁRIO;REALIZADO
2025/12/12;MPAGO;-330.00;LOUVOR;SAÍDAS;EXTRAORDINÁRIO;REALIZADO
2025/12/14;SICREDI;2350.00;OFERTAS;ENTRADAS;ORDINÁRIO;REALIZADO
2025/12/16;MPAGO;-2245.44;PREBENDA BRUTA;SAÍDAS;ORDINÁRIO;REALIZADO
2025/12/17;MPAGO;-8.71;FINANCEIRO;SAÍDAS;ORDINÁRIO;REALIZADO
2025/12/17;MPAGO;-230.61;FINANCEIRO;SAÍDAS;ORDINÁRIO;REALIZADO
2025/12/17;AP.MPAGO;-230.00;FINANCEIRO;ENTRE CONTAS;ORDINÁRIO;REALIZADO
2025/12/17;MPAGO;230.00;FINANCEIRO;ENTRE CONTAS;ORDINÁRIO;REALIZADO
2025/01/08;MPAGO;400.01;SOCIAL;ENTRADAS;EXTRAORDINÁRIO;REALIZADO
2025/01/08;MPAGO;400.75;OFERTAS;ENTRADAS;ORDINÁRIO;REALIZADO
2025/01/01;MPAGO;-400.00;FINANCEIRO;SAÍDAS;ORDINÁRIO;REALIZADO
2025/12/19;MPAGO;-26.90;LOUVOR;SAÍDAS;ORDINÁRIO;REALIZADO
2025/12/21;SICREDI;2620.00;OFERTAS;ENTRADAS;ORDINÁRIO;REALIZADO
2025/12/22;SICREDI;-78.36;FINANCEIRO;SAÍDAS;ORDINÁRIO;REALIZADO
2025/12/28;MPAGO;-618.79;SOCIAL;SAÍDAS;EXTRAORDINÁRIO;REALIZADO
2025/12/28;AP.MPAGO;-618.79;FINANCEIRO;ENTRE CONTAS;ORDINÁRIO;REALIZADO
2025/12/28;MPAGO;618.79;FINANCEIRO;ENTRE CONTAS;ORDINÁRIO;REALIZADO
2025/12/28;AP.MPAGO;137.98;FINANCEIRO;ENTRADAS;EXTRAORDINÁRIO;REALIZADO
2025/12/28;AP.SICREDI;1366.05;FINANCEIRO;ENTRADAS;EXTRAORDINÁRIO;REALIZADO
2025/12/30;AP.MPAGO;-4225.00;FINANCEIRO;ENTRE CONTAS;ORDINÁRIO;REALIZADO
2025/12/30;MPAGO;4225.00;FINANCEIRO;ENTRE CONTAS;ORDINÁRIO;REALIZADO
2024/12/01;MPAGO;-400.00;FINANCEIRO;SAÍDAS;ORDINÁRIO;REALIZADO
2025/12/30;MPAGO;-3825.00;ALUGUEL;SAÍDAS;ORDINÁRIO;REALIZADO
2026/01/02;SICREDI;-1000.00;FINANCEIRO;ENTRE CONTAS;ORDINÁRIO;REALIZADO
2026/01/02;MPAGO;1000.00;FINANCEIRO;ENTRE CONTAS;ORDINÁRIO;REALIZADO
2026/01/05;SICREDI;2300.00;OFERTAS;ENTRADAS;ORDINÁRIO;REALIZADO
2026/01/05;SICREDI;300.01;SOCIAL;ENTRADAS;EXTRAORDINÁRIO;REALIZADO
2026/01/05;MPAGO;3000.00;CAMPANHAS;ENTRADAS;EXTRAORDINÁRIO;REALIZADO
2026/01/06;SICREDI;-30000.00;FINANCEIRO;ENTRE CONTAS;ORDINÁRIO;REALIZADO
2026/01/06;MPAGO;30000.00;FINANCEIRO;ENTRE CONTAS;ORDINÁRIO;REALIZADO
2026/01/06;AP.MPAGO;30000.00;FINANCEIRO;ENTRE CONTAS;ORDINÁRIO;REALIZADO
2026/01/06;MPAGO;-30000.00;FINANCEIRO;ENTRE CONTAS;ORDINÁRIO;REALIZADO
2026/01/06;MPAGO;-100.00;MISSÕES;SAÍDAS;ORDINÁRIO;REALIZADO
2026/01/06;MPAGO;-79.00;INFANTIL;SAÍDAS;ORDINÁRIO;REALIZADO
2026/01/06;SICREDI;530.00;OFERTAS;ENTRADAS;ORDINÁRIO;REALIZADO
2026/01/07;SICREDI;300.02;SOCIAL;ENTRADAS;EXTRAORDINÁRIO;REALIZADO
2026/01/07;SICREDI;1140.00;OFERTAS;ENTRADAS;ORDINÁRIO;REALIZADO
2026/01/08;SICREDI;920.00;OFERTAS;ENTRADAS;ORDINÁRIO;REALIZADO
2026/01/08;SICREDI;-9746.76;PREBENDA BRUTA;SAÍDAS;ORDINÁRIO;REALIZADO
2026/01/11;SICREDI;435.00;OFERTAS;ENTRADAS;ORDINÁRIO;REALIZADO
2026/01/12;SICREDI;2025.00;OFERTAS;ENTRADAS;ORDINÁRIO;REALIZADO
2026/01/13;SICREDI;100.01;SOCIAL;ENTRADAS;EXTRAORDINÁRIO;REALIZADO
2026/01/13;SICREDI;500.00;OFERTAS;ENTRADAS;ORDINÁRIO;REALIZADO
2026/01/13;SICREDI;-700.04;SOCIAL;SAÍDAS;EXTRAORDINÁRIO;REALIZADO
2026/01/13;SICREDI;-2245.44;PREBENDA BRUTA;SAÍDAS;ORDINÁRIO;REALIZADO
2026/01/18;SICREDI;0.00;OFERTAS;ENTRADAS;ORDINÁRIO;REALIZADO
2026/01/19;SICREDI;1100.00;OFERTAS;ENTRADAS;ORDINÁRIO;REALIZADO
2026/01/19;MPAGO;-26.90;LOUVOR;SAÍDAS;ORDINÁRIO;REALIZADO
2026/01/20;SICREDI;-78.36;FINANCEIRO;SAÍDAS;ORDINÁRIO;REALIZADO
2026/01/22;SICREDI;-76.47;SOCIAL;SAÍDAS;ORDINÁRIO;REALIZADO
2024/03/02;PLANTACAO;400.00;OFERTAS;ENTRADAS;ORDINÁRIO;REALIZADO
2026/01/23;SICREDI;150.00;OFERTAS;ENTRADAS;ORDINÁRIO;REALIZADO
2026/01/25;SICREDI;140.00;OFERTAS;ENTRADAS;ORDINÁRIO;REALIZADO
2026/01/26;SICREDI;700.00;OFERTAS;ENTRADAS;ORDINÁRIO;REALIZADO
2026/01/26;SICREDI;-3825.00;ALUGUEL;SAÍDAS;ORDINÁRIO;REALIZADO
2026/01/29;SICREDI;350.00;OFERTAS;ENTRADAS;ORDINÁRIO;REALIZADO
2026/01/30;SICREDI;600.00;OFERTAS;ENTRADAS;ORDINÁRIO;REALIZADO
2026/01/30;AP.SICREDI;1318.27;FINANCEIRO;ENTRADAS;EXTRAORDINÁRIO;REALIZADO
2026/01/30;AP.MPAGO;282.19;FINANCEIRO;ENTRADAS;EXTRAORDINÁRIO;REALIZADO
2026/02/01;SICREDI;615.50;OFERTAS;ENTRADAS;ORDINÁRIO;REALIZADO
2026/02/02;SICREDI;1230.00;OFERTAS;ENTRADAS;ORDINÁRIO;REALIZADO
2026/02/02;SICREDI;-79.00;INFANTIL;SAÍDAS;ORDINÁRIO;REALIZADO
2026/01/30;SICREDI;-424.50;FINANCEIRO;SAÍDAS;ORDINÁRIO;REALIZADO
2026/02/02;SICREDI;-100.00;MISSÕES;SAÍDAS;ORDINÁRIO;REALIZADO
2026/02/03;SICREDI;220.00;OFERTAS;ENTRADAS;ORDINÁRIO;REALIZADO
2026/02/04;SICREDI;1000.00;OFERTAS;ENTRADAS;ORDINÁRIO;REALIZADO
2026/02/06;MPAGO;-49.43;MISSÕES;SAÍDAS;EXTRAORDINÁRIO;REALIZADO
2026/02/06;MPAGO;3000.00;CAMPANHAS;ENTRADAS;EXTRAORDINÁRIO;REALIZADO
2026/02/06;MPAGO;-350.00;MISSÕES;SAÍDAS;EXTRAORDINÁRIO;REALIZADO
2026/02/08;SICREDI;20.00;OFERTAS;ENTRADAS;ORDINÁRIO;REALIZADO
2026/02/09;SICREDI;5880.00;OFERTAS;ENTRADAS;ORDINÁRIO;REALIZADO
2026/02/10;SICREDI;800.00;OFERTAS;ENTRADAS;ORDINÁRIO;REALIZADO
2026/02/10;SICREDI;-10297.28;PREBENDA BRUTA;SAÍDAS;ORDINÁRIO;REALIZADO
2026/02/28;AP.MPAGO;283.36;FINANCEIRO;ENTRADAS;EXTRAORDINÁRIO;REALIZADO
2026/02/28;AP.SICREDI;1141.19;FINANCEIRO;ENTRADAS;EXTRAORDINÁRIO;REALIZADO
2026/02/13;MPAGO;50.02;MISSÕES;ENTRADAS;EXTRAORDINÁRIO;REALIZADO
2026/02/15;MPAGO;350.02;MISSÕES;ENTRADAS;EXTRAORDINÁRIO;REALIZADO
2026/02/15;MPAGO;200.02;MISSÕES;ENTRADAS;EXTRAORDINÁRIO;REALIZADO
2026/02/15;MPAGO;50.02;MISSÕES;ENTRADAS;EXTRAORDINÁRIO;REALIZADO
2026/02/18;SICREDI;200.02;MISSÕES;ENTRADAS;EXTRAORDINÁRIO;REALIZADO
2026/02/18;SICREDI;590.00;OFERTAS;ENTRADAS;ORDINÁRIO;REALIZADO
2026/02/18;SICREDI;150.00;OFERTAS;ENTRADAS;ORDINÁRIO;REALIZADO
2026/02/18;SICREDI;30.00;OFERTAS;ENTRADAS;ORDINÁRIO;REALIZADO
2026/02/18;SICREDI;100.00;OFERTAS;ENTRADAS;ORDINÁRIO;REALIZADO
2026/02/18;SICREDI;-2508.62;PREBENDA BRUTA;SAÍDAS;ORDINÁRIO;REALIZADO
2026/02/19;MPAGO;-26.90;LOUVOR;SAÍDAS;ORDINÁRIO;REALIZADO
2026/02/20;SICREDI;-78.36;FINANCEIRO;SAÍDAS;ORDINÁRIO;REALIZADO
2026/02/20;MPAGO;-6000.00;FINANCEIRO;ENTRE CONTAS;ORDINÁRIO;REALIZADO
2026/02/20;AP.MPAGO;6000.00;FINANCEIRO;ENTRE CONTAS;ORDINÁRIO;REALIZADO
2026/02/15;SICREDI;700.00;OFERTAS;ENTRADAS;ORDINÁRIO;REALIZADO
2026/02/20;MPAGO;500.02;MISSÕES;ENTRADAS;EXTRAORDINÁRIO;REALIZADO
2026/02/22;MPAGO;350.04;MISSÕES;ENTRADAS;EXTRAORDINÁRIO;REALIZADO
2026/02/23;SICREDI;257.02;MISSÕES;ENTRADAS;EXTRAORDINÁRIO;REALIZADO
2026/02/23;SICREDI;-3825.00;ALUGUEL;SAÍDAS;ORDINÁRIO;REALIZADO
2026/02/23;SICREDI;-424.50;FINANCEIRO;SAÍDAS;ORDINÁRIO;REALIZADO
2026/02/23;SICREDI;1860.00;OFERTAS;ENTRADAS;ORDINÁRIO;REALIZADO
2026/02/23;SICREDI;230.00;OFERTAS;ENTRADAS;ORDINÁRIO;REALIZADO
2026/02/23;SICREDI;-1157.75;MISSÕES;SAÍDAS;EXTRAORDINÁRIO;REALIZADO
2026/02/23;SICREDI;1100.71;FINANCEIRO;ENTRE CONTAS;ORDINÁRIO;REALIZADO
2026/02/23;MPAGO;-1100.71;FINANCEIRO;ENTRE CONTAS;ORDINÁRIO;REALIZADO
2026/03/06;MPAGO;3000.00;CAMPANHAS;ENTRADAS;EXTRAORDINÁRIO;REALIZADO
2026/02/23;MPAGO;300.00;OFERTAS;ENTRADAS;ORDINÁRIO;REALIZADO
2026/03/06;AP.SICREDI;318.85;FINANCEIRO;ENTRADAS;EXTRAORDINÁRIO;REALIZADO
2026/02/27;SICREDI;400.00;OFERTAS;ENTRADAS;ORDINÁRIO;REALIZADO
2026/03/02;SICREDI;1220.00;OFERTAS;ENTRADAS;ORDINÁRIO;REALIZADO
2026/03/02;SICREDI;-100.00;MISSÕES;SAÍDAS;ORDINÁRIO;REALIZADO
2026/03/02;SICREDI;-79.00;INFANTIL;SAÍDAS;ORDINÁRIO;REALIZADO
2026/03/04;SICREDI;542.34;OFERTAS;ENTRADAS;ORDINÁRIO;REALIZADO
2026/03/05;SICREDI;2000.00;OFERTAS;ENTRADAS;ORDINÁRIO;REALIZADO
2026/03/06;SICREDI;170.00;OFERTAS;ENTRADAS;ORDINÁRIO;REALIZADO
2026/03/06;AP.MPAGO;88.49;FINANCEIRO;ENTRADAS;EXTRAORDINÁRIO;REALIZADO
2026/03/07;SICREDI;-62.97;BOAS VINDAS;SAÍDAS;ORDINÁRIO;REALIZADO
2026/03/09;SICREDI;5048.00;OFERTAS;ENTRADAS;ORDINÁRIO;REALIZADO
2026/03/09;SICREDI;50.01;SOCIAL;ENTRADAS;EXTRAORDINÁRIO;REALIZADO
2026/03/09;SICREDI;-350.00;SOCIAL;SAÍDAS;EXTRAORDINÁRIO;REALIZADO
2026/03/10;SICREDI;-10349.42;PREBENDA BRUTA;SAÍDAS;ORDINÁRIO;REALIZADO
2026/03/10;SICREDI;700.00;OFERTAS;ENTRADAS;ORDINÁRIO;REALIZADO
2026/03/10;SICREDI;800.00;OFERTAS;ENTRADAS;ORDINÁRIO;REALIZADO
2026/03/10;SICREDI;1750.00;OFERTAS;ENTRADAS;ORDINÁRIO;REALIZADO
2026/03/10;AP.SICREDI;319.67;FINANCEIRO;ENTRADAS;EXTRAORDINÁRIO;REALIZADO
2026/03/13;MPAGO;400.00;OFERTAS;ENTRADAS;ORDINÁRIO;REALIZADO
2026/03/06;AP.MPAGO;106.51;FINANCEIRO;ENTRADAS;EXTRAORDINÁRIO;REALIZADO
2026/03/10;SICREDI;2052.72;PROJETOS;ENTRADAS;EXTRAORDINÁRIO;REALIZADO
2026/03/10;SICREDI;-2052.72;PROJETOS;ENTRE CONTAS;ORDINÁRIO;REALIZADO
2026/03/10;MPAGO;2052.72;PROJETOS;ENTRE CONTAS;ORDINÁRIO;REALIZADO
2026/03/10;MPAGO;-2052.72;PROJETOS;ENTRE CONTAS;ORDINÁRIO;REALIZADO
2026/03/10;AP.MPAGO;2052.72;PROJETOS;ENTRE CONTAS;ORDINÁRIO;REALIZADO
2026/03/20;SICREDI;160.00;OFERTAS;ENTRADAS;ORDINÁRIO;REALIZADO
2026/03/23;SICREDI;1260.00;OFERTAS;ENTRADAS;ORDINÁRIO;REALIZADO
2026/03/24;SICREDI;1200.00;OFERTAS;ENTRADAS;ORDINÁRIO;REALIZADO
2026/03/24;SICREDI;-3825.00;ALUGUEL;SAÍDAS;ORDINÁRIO;REALIZADO
2026/03/20;SICREDI;-78.36;FINANCEIRO;SAÍDAS;ORDINÁRIO;REALIZADO
2026/03/20;SICREDI;-2456.48;PREBENDA BRUTA;SAÍDAS;ORDINÁRIO;REALIZADO
2026/03/20;AP.SICREDI;444.87;FINANCEIRO;ENTRADAS;EXTRAORDINÁRIO;REALIZADO
2026/03/20;MPAGO;-26.90;LOUVOR;SAÍDAS;ORDINÁRIO;REALIZADO
2026/03/20;AP.MPAGO;156.16;FINANCEIRO;ENTRADAS;EXTRAORDINÁRIO;REALIZADO
2026/03/27;SICREDI;550.00;OFERTAS;ENTRADAS;ORDINÁRIO;REALIZADO
2026/03/30;SICREDI;1370.00;OFERTAS;ENTRADAS;ORDINÁRIO;REALIZADO
2026/03/30;AP.SICREDI;189.83;FINANCEIRO;ENTRADAS;EXTRAORDINÁRIO;REALIZADO
2026/03/30;AP.MPAGO;55.36;FINANCEIRO;ENTRADAS;EXTRAORDINÁRIO;REALIZADO
2026/03/30;SICREDI;-424.50;FINANCEIRO;SAÍDAS;ORDINÁRIO;REALIZADO
2026/03/30;SICREDI;-100.00;MISSÕES;SAÍDAS;ORDINÁRIO;REALIZADO
2026/03/31;SICREDI;500.00;OFERTAS;ENTRADAS;ORDINÁRIO;REALIZADO
2026/03/31;SICREDI;1157.00;OFERTAS;ENTRADAS;ORDINÁRIO;REALIZADO
2026/03/31;AP.SICREDI;126.73;FINANCEIRO;ENTRADAS;EXTRAORDINÁRIO;REALIZADO
2026/03/31;MPAGO;45.65;OFERTAS;ENTRADAS;ORDINÁRIO;REALIZADO
2026/03/31;AP.MPAGO;36.96;FINANCEIRO;ENTRADAS;EXTRAORDINÁRIO;REALIZADO
2026/04/06;SICREDI;-350.00;LOUVOR;SAÍDAS;EXTRAORDINÁRIO;REALIZADO
2026/04/06;SICREDI;-500.00;MISSÕES;SAÍDAS;EXTRAORDINÁRIO;REALIZADO
2026/04/06;SICREDI;3030.00;OFERTAS;ENTRADAS;ORDINÁRIO;REALIZADO
2026/04/06;AP.SICREDI;126.84;FINANCEIRO;ENTRADAS;EXTRAORDINÁRIO;REALIZADO
2026/04/01;MPAGO;300.00;OFERTAS;ENTRADAS;ORDINÁRIO;REALIZADO
2026/04/06;MPAGO;3000.00;CAMPANHAS;ENTRADAS;EXTRAORDINÁRIO;REALIZADO
2026/04/07;SICREDI;1500.00;OFERTAS;ENTRADAS;ORDINÁRIO;REALIZADO
2026/04/09;SICREDI;2300.00;OFERTAS;ENTRADAS;ORDINÁRIO;REALIZADO
2026/04/10;SICREDI;700.00;OFERTAS;ENTRADAS;ORDINÁRIO;REALIZADO
2026/04/06;SICREDI;-79.00;INFANTIL;SAÍDAS;ORDINÁRIO;REALIZADO
2026/04/07;SICREDI;-10698.00;PREBENDA BRUTA;SAÍDAS;ORDINÁRIO;REALIZADO
2026/04/10;AP.SICREDI;317.67;FINANCEIRO;ENTRADAS;EXTRAORDINÁRIO;REALIZADO
2026/04/10;MPAGO;400.00;OFERTAS;ENTRADAS;ORDINÁRIO;REALIZADO
2026/04/10;MPAGO;-7267.82;FINANCEIRO;ENTRE CONTAS;ORDINÁRIO;REALIZADO
2026/04/10;AP.MPAGO;7267.82;FINANCEIRO;ENTRE CONTAS;ORDINÁRIO;REALIZADO
2026/04/10;AP.MPAGO;111.86;FINANCEIRO;ENTRADAS;EXTRAORDINÁRIO;REALIZADO
2026/04/13;SICREDI;1430.00;OFERTAS;ENTRADAS;ORDINÁRIO;REALIZADO
2026/04/20;SICREDI;1490.00;OFERTAS;ENTRADAS;ORDINÁRIO;REALIZADO
2026/04/20;SICREDI;735.00;PROJETOS;ENTRADAS;EXTRAORDINÁRIO;REALIZADO
2026/04/13;SICREDI;-735.00;PROJETOS;ENTRE CONTAS;ORDINÁRIO;REALIZADO
2026/04/13;MPAGO;735.00;PROJETOS;ENTRE CONTAS;EXTRAORDINÁRIO;REALIZADO
2026/04/13;MPAGO;-735.00;PROJETOS;ENTRE CONTAS;ORDINÁRIO;REALIZADO
2026/04/13;AP.MPAGO;735.00;PROJETOS;ENTRE CONTAS;ORDINÁRIO;REALIZADO
2026/04/20;AP.SICREDI;318.46;FINANCEIRO;ENTRADAS;EXTRAORDINÁRIO;REALIZADO
2026/04/20;MPAGO;-26.90;LOUVOR;SAÍDAS;ORDINÁRIO;REALIZADO
2026/04/20;AP.MPAGO;129.47;FINANCEIRO;ENTRADAS;EXTRAORDINÁRIO;REALIZADO
2026/04/22;SICREDI;350.00;OFERTAS;ENTRADAS;ORDINÁRIO;REALIZADO
2026/04/27;SICREDI;1280.00;OFERTAS;ENTRADAS;ORDINÁRIO;REALIZADO
2026/04/20;SICREDI;-78.36;FINANCEIRO;SAÍDAS;ORDINÁRIO;REALIZADO
2026/04/27;AP.SICREDI;255.35;FINANCEIRO;ENTRADAS;EXTRAORDINÁRIO;REALIZADO
2026/04/27;AP.MPAGO;111.03;FINANCEIRO;ENTRADAS;EXTRAORDINÁRIO;REALIZADO
2026/04/27;SICREDI;-3825.00;ALUGUEL;SAÍDAS;ORDINÁRIO;REALIZADO
2026/04/27;SICREDI;-424.50;FINANCEIRO;SAÍDAS;ORDINÁRIO;REALIZADO
2026/04/29;SICREDI;600.00;OFERTAS;ENTRADAS;ORDINÁRIO;REALIZADO
2026/04/29;AP.SICREDI;191.85;FINANCEIRO;ENTRADAS;EXTRAORDINÁRIO;REALIZADO
2026/04/27;AP.MPAGO;44.49;FINANCEIRO;ENTRADAS;EXTRAORDINÁRIO;REALIZADO
2026/04/30;SICREDI;1840.00;OFERTAS;ENTRADAS;ORDINÁRIO;REALIZADO
2026/04/30;SICREDI;-144.86;BOAS VINDAS;SAÍDAS;ORDINÁRIO;REALIZADO
2026/04/30;AP.SICREDI;62.99;FINANCEIRO;ENTRADAS;EXTRAORDINÁRIO;REALIZADO
2026/05/04;SICREDI;600.00;OFERTAS;ENTRADAS;ORDINÁRIO;REALIZADO
2026/05/05;SICREDI;100.00;OFERTAS;ENTRADAS;ORDINÁRIO;REALIZADO
2026/05/06;SICREDI;300.00;OFERTAS;ENTRADAS;ORDINÁRIO;REALIZADO
2026/05/08;SICREDI;1000.00;OFERTAS;ENTRADAS;ORDINÁRIO;REALIZADO
2026/05/11;SICREDI;4250.00;OFERTAS;ENTRADAS;ORDINÁRIO;REALIZADO
2026/05/12;SICREDI;2400.00;OFERTAS;ENTRADAS;ORDINÁRIO;REALIZADO
2026/05/13;SICREDI;900.00;OFERTAS;ENTRADAS;ORDINÁRIO;REALIZADO
2026/05/18;SICREDI;4257.92;OFERTAS;ENTRADAS;ORDINÁRIO;REALIZADO
2026/05/19;SICREDI;411.08;OFERTAS;ENTRADAS;ORDINÁRIO;REALIZADO
2026/05/31;SICREDI;3358.90;MISSÕES;ENTRADAS;EXTRAORDINÁRIO;REALIZADO
2026/05/04;SICREDI;-100.00;MISSÕES;SAÍDAS;ORDINÁRIO;REALIZADO
2026/05/04;SICREDI;-79.00;INFANTIL;SAÍDAS;ORDINÁRIO;REALIZADO
2026/05/11;SICREDI;-10698.00;PREBENDA BRUTA;SAÍDAS;ORDINÁRIO;REALIZADO
2026/05/12;SICREDI;-83.00;SOCIAL;SAÍDAS;EXTRAORDINÁRIO;REALIZADO
2026/05/18;SICREDI;-144.08;BOAS VINDAS;SAÍDAS;ORDINÁRIO;REALIZADO
2026/05/18;SICREDI;-300.00;INFANTIL;SAÍDAS;EXTRAORDINÁRIO;REALIZADO
2026/05/20;SICREDI;-78.36;FINANCEIRO;SAÍDAS;ORDINÁRIO;REALIZADO
2026/05/26;SICREDI;-3825.00;ALUGUEL;SAÍDAS;ORDINÁRIO;REALIZADO
2026/05/26;SICREDI;-140.00;EVENTOS;SAÍDAS;EXTRAORDINÁRIO;REALIZADO
2026/05/31;AP.SICREDI;1266.34;FINANCEIRO;ENTRADAS;EXTRAORDINÁRIO;REALIZADO
2026/05/06;MPAGO;3000.00;CAMPANHAS;ENTRADAS;EXTRAORDINÁRIO;REALIZADO
2026/05/04;MPAGO;1348.00;PROJETOS;ENTRE CONTAS;ORDINÁRIO;REALIZADO
2026/05/04;MPAGO;-1348.00;PROJETOS;ENTRE CONTAS;ORDINÁRIO;REALIZADO
2026/05/04;AP.MPAGO;1348.00;PROJETOS;ENTRE CONTAS;ORDINÁRIO;REALIZADO
2026/05/04;MPAGO;683.50;SOCIAL;ENTRADAS;EXTRAORDINÁRIO;REALIZADO
2026/05/04;MPAGO;-683.50;SOCIAL;SAÍDAS;EXTRAORDINÁRIO;REALIZADO
2026/05/11;MPAGO;500.00;OFERTAS;ENTRADAS;ORDINÁRIO;REALIZADO
2026/05/17;MPAGO;600.99;MISSÕES;ENTRADAS;EXTRAORDINÁRIO;REALIZADO
2026/05/19;MPAGO;-26.90;LOUVOR;SAÍDAS;ORDINÁRIO;REALIZADO
2026/05/17;MPAGO;0.97;OFERTAS;ENTRADAS;ORDINÁRIO;REALIZADO
2026/05/20;AP.MPAGO;472.23;FINANCEIRO;ENTRADAS;EXTRAORDINÁRIO;REALIZADO
2026/05/20;AP.MPAGO;-300.00;CAMPANHAS;SAÍDAS;EXTRAORDINÁRIO;REALIZADO
2026/05/31;SICREDI;-424.50;FINANCEIRO;SAÍDAS;ORDINÁRIO;REALIZADO
;;;;;;
;;;;;;
;;;;;;
;;;;;;
;;;;;;
;;;;;;
;;;;;;
;;;;;;
;;;;;;
;;;;;;
;;;;;;
;;;;;;
;;;;;;
;;;;;;
;;;;;;
;;;;;;
;;;;;;
;;;;;;
;;;;;;
;;;;;;
;;;;;;
;;;;;;
;;;;;;
;;;;;;
;;;;;;
;;;;;;
;;;;;;
;;;;;;
;;;;;;
;;;;;;
;;;;;;
;;;;;;
;;;;;;
;;;;;;
;;;;;;
;;;;;;
;;;;;;
;;;;;;
;;;;;;
;;;;;;
;;;;;;
;;;;;;
;;;;;;
;;;;;;
;;;;;;
;;;;;;
;;;;;;
;;;;;;
;;;;;;
;;;;;;
;;;;;;
;;;;;;
;;;;;;
;;;;;;
;;;;;;
;;;;;;
;;;;;;
;;;;;;
;;;;;;
;;;;;;
;;;;;;
;;;;;;
;;;;;;
;;;;;;
;;;;;;
;;;;;;
;;;;;;
;;;;;;
;;;;;;
;;;;;;
;;;;;;
;;;;;;
;;;;;;
;;;;;;
;;;;;;
;;;;;;
;;;;;;
;;;;;;
;;;;;;
;;;;;;
;;;;;;
;;;;;;
;;;;;;
;;;;;;
;;;;;;
;;;;;;
;;;;;;
;;;;;;
;;;;;;
;;;;;;
;;;;;;
;;;;;;
;;;;;;
;;;;;;
;;;;;;
;;;;;;
;;;;;;
;;;;;;
;;;;;;
;;;;;;
;;;;;;
;;;;;;
;;;;;;
;;;;;;
;;;;;;
;;;;;;
;;;;;;
;;;;;;
;;;;;;
;;;;;;
;;;;;;
;;;;;;
;;;;;;
;;;;;;
;;;;;;
;;;;;;
;;;;;;
;;;;;;
;;;;;;
;;;;;;
;;;;;;
;;;;;;
;;;;;;
;;;;;;
;;;;;;
;;;;;;
;;;;;;
;;;;;;
;;;;;;
;;;;;;
;;;;;;
;;;;;;
;;;;;;
;;;;;;
;;;;;;
;;;;;;
;;;;;;
;;;;;;
;;;;;;
;;;;;;
;;;;;;
;;;;;;
;;;;;;
;;;;;;
;;;;;;
;;;;;;
;;;;;;
;;;;;;
;;;;;;
;;;;;;
;;;;;;
;;;;;;
;;;;;;
;;;;;;
;;;;;;
;;;;;;
;;;;;;
;;;;;;
;;;;;;
;;;;;;
;;;;;;
;;;;;;
;;;;;;
;;;;;;
;;;;;;
;;;;;;
;;;;;;
;;;;;;
;;;;;;
;;;;;;
;;;;;;
;;;;;;
;;;;;;
;;;;;;
;;;;;;
;;;;;;
;;;;;;
;;;;;;
;;;;;;
;;;;;;
;;;;;;
;;;;;;
;;;;;;
;;;;;;
;;;;;;
;;;;;;
;;;;;;
;;;;;;
;;;;;;
;;;;;;
;;;;;;
;;;;;;
;;;;;;
;;;;;;
;;;;;;
;;;;;;
;;;;;;
;;;;;;
;;;;;;
;;;;;;
;;;;;;
;;;;;;
;;;;;;
;;;;;;
;;;;;;
;;;;;;
;;;;;;
;;;;;;
;;;;;;
;;;;;;
;;;;;;
;;;;;;
;;;;;;
;;;;;;
;;;;;;
;;;;;;
;;;;;;
;;;;;;
;;;;;;
;;;;;;
;;;;;;
;;;;;;
;;;;;;
;;;;;;
;;;;;;
;;;;;;
;;;;;;
;;;;;;
;;;;;;
;;;;;;
;;;;;;
;;;;;;
;;;;;;
;;;;;;
;;;;;;
;;;;;;
;;;;;;
;;;;;;
;;;;;;
;;;;;;
;;;;;;
;;;;;;
;;;;;;
;;;;;;
;;;;;;
;;;;;;
;;;;;;
;;;;;;
;;;;;;
;;;;;;
;;;;;;
;;;;;;
;;;;;;
;;;;;;
;;;;;;
;;;;;;
;;;;;;
;;;;;;
;;;;;;
;;;;;;
;;;;;;
;;;;;;
;;;;;;
;;;;;;
;;;;;;
;;;;;;
;;;;;;
;;;;;;
;;;;;;
;;;;;;
;;;;;;
;;;;;;
;;;;;;
;;;;;;
;;;;;;
;;;;;;
;;;;;;
;;;;;;
;;;;;;
;;;;;;
;;;;;;
;;;;;;
;;;;;;
;;;;;;
;;;;;;
;;;;;;
;;;;;;
;;;;;;
;;;;;;
;;;;;;
;;;;;;
;;;;;;
;;;;;;
;;;;;;
;;;;;;
;;;;;;
;;;;;;
;;;;;;
;;;;;;
;;;;;;
;;;;;;
;;;;;;
;;;;;;
;;;;;;
;;;;;;
;;;;;;
;;;;;;
;;;;;;
;;;;;;
;;;;;;
;;;;;;
;;;;;;
;;;;;;
;;;;;;
;;;;;;
;;;;;;
;;;;;;
;;;;;;
;;;;;;
;;;;;;
;;;;;;
;;;;;;
;;;;;;
;;;;;;
;;;;;;
;;;;;;
;;;;;;
;;;;;;
;;;;;;
;;;;;;
;;;;;;
;;;;;;
;;;;;;
;;;;;;
;;;;;;
;;;;;;
;;;;;;
;;;;;;
;;;;;;
;;;;;;
;;;;;;
;;;;;;
;;;;;;
;;;;;;
;;;;;;
;;;;;;
;;;;;;
;;;;;;
;;;;;;
;;;;;;
;;;;;;
;;;;;;
;;;;;;
;;;;;;
;;;;;;
;;;;;;
;;;;;;
;;;;;;
;;;;;;
;;;;;;
;;;;;;
;;;;;;
;;;;;;
;;;;;;
;;;;;;
;;;;;;
;;;;;;
;;;;;;
;;;;;;
;;;;;;
;;;;;;
;;;;;;
;;;;;;
;;;;;;
;;;;;;
;;;;;;
;;;;;;
;;;;;;
;;;;;;
;;;;;;
;;;;;;
;;;;;;
;;;;;;
;;;;;;
;;;;;;
;;;;;;
;;;;;;
;;;;;;
;;;;;;
;;;;;;
;;;;;;
;;;;;;
;;;;;;
;;;;;;
;;;;;;
;;;;;;
;;;;;;
;;;;;;
;;;;;;
;;;;;;
;;;;;;
;;;;;;
;;;;;;
;;;;;;
;;;;;;
;;;;;;
;;;;;;
;;;;;;
;;;;;;
;;;;;;
;;;;;;
;;;;;;
;;;;;;
;;;;;;
;;;;;;
;;;;;;
;;;;;;
;;;;;;
;;;;;;
;;;;;;
;;;;;;
;;;;;;
;;;;;;
;;;;;;
;;;;;;
;;;;;;
;;;;;;
;;;;;;
;;;;;;
;;;;;;
;;;;;;
;;;;;;
;;;;;;
;;;;;;
;;;;;;
;;;;;;
;;;;;;
;;;;;;
;;;;;;
;;;;;;
;;;;;;
;;;;;;
;;;;;;
;;;;;;
;;;;;;
;;;;;;
;;;;;;
;;;;;;
;;;;;;
;;;;;;
;;;;;;
;;;;;;
;;;;;;
;;;;;;
;;;;;;
;;;;;;
;;;;;;
;;;;;;
;;;;;;
;;;;;;
;;;;;;
;;;;;;
;;;;;;
;;;;;;
;;;;;;
;;;;;;
;;;;;;
;;;;;;
;;;;;;
;;;;;;
;;;;;;
;;;;;;
;;;;;;
;;;;;;
;;;;;;
;;;;;;
;;;;;;
;;;;;;
;;;;;;
;;;;;;
;;;;;;
;;;;;;
;;;;;;
;;;;;;
;;;;;;
;;;;;;
;;;;;;
;;;;;;
;;;;;;
;;;;;;
;;;;;;
;;;;;;
;;;;;;
;;;;;;
;;;;;;
;;;;;;
;;;;;;
;;;;;;
;;;;;;
;;;;;;
;;;;;;
;;;;;;
;;;;;;
;;;;;;
;;;;;;
;;;;;;
;;;;;;
;;;;;;
;;;;;;
;;;;;;
;;;;;;
;;;;;;
;;;;;;
;;;;;;
;;;;;;
;;;;;;
;;;;;;
;;;;;;
;;;;;;
;;;;;;
;;;;;;
;;;;;;
;;;;;;
;;;;;;
;;;;;;
;;;;;;
;;;;;;
;;;;;;
;;;;;;
;;;;;;
;;;;;;
;;;;;;
;;;;;;
;;;;;;
;;;;;;
;;;;;;
;;;;;;
;;;;;;
;;;;;;
;;;;;;
;;;;;;
;;;;;;
;;;;;;
;;;;;;
;;;;;;
;;;;;;
;;;;;;
;;;;;;
;;;;;;
;;;;;;
;;;;;;
;;;;;;
;;;;;;
;;;;;;
;;;;;;
;;;;;;
;;;;;;
;;;;;;
;;;;;;
;;;;;;
;;;;;;
;;;;;;
;;;;;;
;;;;;;
;;;;;;
;;;;;;
;;;;;;
;;;;;;
;;;;;;
;;;;;;
;;;;;;
;;;;;;
;;;;;;
;;;;;;
;;;;;;
;;;;;;
;;;;;;
;;;;;;
;;;;;;
;;;;;;
;;;;;;
;;;;;;
;;;;;;
;;;;;;
;;;;;;
;;;;;;
;;;;;;
;;;;;;
;;;;;;
;;;;;;
;;;;;;
;;;;;;
;;;;;;
;;;;;;
;;;;;;
;;;;;;
;;;;;;
;;;;;;
;;;;;;
;;;;;;
;;;;;;
;;;;;;
;;;;;;
;;;;;;
;;;;;;
;;;;;;
;;;;;;
;;;;;;
;;;;;;
;;;;;;
;;;;;;
;;;;;;
;;;;;;
;;;;;;
;;;;;;
;;;;;;
;;;;;;
;;;;;;
;;;;;;
;;;;;;
;;;;;;
;;;;;;
;;;;;;
;;;;;;
;;;;;;
;;;;;;
;;;;;;
;;;;;;
;;;;;;
;;;;;;
;;;;;;
;;;;;;
;;;;;;
;;;;;;
;;;;;;
;;;;;;
;;;;;;
;;;;;;
;;;;;;
;;;;;;
;;;;;;
;;;;;;
;;;;;;
;;;;;;
;;;;;;
;;;;;;
;;;;;;
;;;;;;
;;;;;;
;;;;;;
;;;;;;
;;;;;;
;;;;;;
;;;;;;
;;;;;;
;;;;;;
;;;;;;
;;;;;;
;;;;;;
;;;;;;
;;;;;;
;;;;;;
;;;;;;
;;;;;;
;;;;;;
;;;;;;
;;;;;;
;;;;;;
;;;;;;
;;;;;;
;;;;;;
;;;;;;
;;;;;;
;;;;;;
;;;;;;
;;;;;;
;;;;;;
;;;;;;
;;;;;;
;;;;;;
;;;;;;
;;;;;;
;;;;;;
;;;;;;
;;;;;;
;;;;;;
;;;;;;
;;;;;;
;;;;;;
;;;;;;
;;;;;;
;;;;;;
;;;;;;
;;;;;;
;;;;;;
;;;;;;
;;;;;;
;;;;;;
;;;;;;
;;;;;;
;;;;;;
;;;;;;
;;;;;;
;;;;;;
;;;;;;
;;;;;;
;;;;;;
;;;;;;
;;;;;;
;;;;;;
;;;;;;
;;;;;;
;;;;;;
;;;;;;
;;;;;;
;;;;;;
;;;;;;
;;;;;;
;;;;;;
;;;;;;
;;;;;;
;;;;;;
;;;;;;
;;;;;;
;;;;;;
;;;;;;
;;;;;;
;;;;;;
;;;;;;
;;;;;;
;;;;;;
;;;;;;
;;;;;;
;;;;;;
;;;;;;
;;;;;;
;;;;;;
;;;;;;
;;;;;;
;;;;;;
;;;;;;
;;;;;;
;;;;;;
;;;;;;
;;;;;;
;;;;;;
;;;;;;
;;;;;;
;;;;;;
;;;;;;
;;;;;;
;;;;;;
;;;;;;
;;;;;;
;;;;;;
;;;;;;
;;;;;;
;;;;;;
;;;;;;
;;;;;;
;;;;;;
;;;;;;
;;;;;;
;;;;;;
;;;;;;
;;;;;;
;;;;;;
;;;;;;
;;;;;;
;;;;;;
;;;;;;
;;;;;;
;;;;;;
;;;;;;
;;;;;;
;;;;;;
;;;;;;
;;;;;;
;;;;;;
;;;;;;
;;;;;;
;;;;;;
;;;;;;
;;;;;;
;;;;;;
;;;;;;
;;;;;;
;;;;;;
;;;;;;
;;;;;;
;;;;;;
;;;;;;
;;;;;;
;;;;;;
;;;;;;
;;;;;;
;;;;;;
;;;;;;
;;;;;;
;;;;;;
;;;;;;
;;;;;;
;;;;;;
;;;;;;
;;;;;;
;;;;;;
;;;;;;
;;;;;;
;;;;;;
;;;;;;
;;;;;;
;;;;;;
;;;;;;
;;;;;;
;;;;;;
;;;;;;
;;;;;;
;;;;;;
;;;;;;
;;;;;;
;;;;;;
;;;;;;
;;;;;;
;;;;;;
;;;;;;
;;;;;;
;;;;;;
;;;;;;
;;;;;;
;;;;;;
;;;;;;
;;;;;;
;;;;;;
;;;;;;
;;;;;;
;;;;;;
;;;;;;
;;;;;;
;;;;;;
;;;;;;
;;;;;;
;;;;;;
;;;;;;
;;;;;;
;;;;;;
;;;;;;
;;;;;;
;;;;;;
;;;;;;
;;;;;;
;;;;;;
;;;;;;
;;;;;;
;;;;;;
;;;;;;
;;;;;;
;;;;;;
;;;;;;
;;;;;;
;;;;;;
;;;;;;
;;;;;;
;;;;;;
;;;;;;
;;;;;;
;;;;;;
;;;;;;
;;;;;;
;;;;;;
;;;;;;
;;;;;;
;;;;;;
;;;;;;
;;;;;;
;;;;;;
;;;;;;
;;;;;;
;;;;;;
;;;;;;
;;;;;;
;;;;;;
;;;;;;
;;;;;;
;;;;;;
;;;;;;
;;;;;;
;;;;;;
;;;;;;
;;;;;;
;;;;;;
;;;;;;
;;;;;;
;;;;;;
;;;;;;
;;;;;;
;;;;;;
;;;;;;
;;;;;;
;;;;;;
;;;;;;
;;;;;;
;;;;;;
;;;;;;
;;;;;;
;;;;;;
;;;;;;
;;;;;;
;;;;;;
;;;;;;
;;;;;;
;;;;;;
;;;;;;
;;;;;;
;;;;;;
;;;;;;
;;;;;;
;;;;;;
;;;;;;
;;;;;;
;;;;;;
;;;;;;
;;;;;;
;;;;;;
;;;;;;
;;;;;;
